specimen,stress_MPa,T_C,T_K,min_rate_per_s,time_at_min_h,strain_at_min,rupture_time_h,strain_at_fracture,primary_end_h,tertiary_start_h,minimum_rate_time_h
T600_S220,220,600,873.15,1.7901e-08,89.614,0.018685,400.59,0.19939,55.507,139.1,89.614
T600_S260,260,600,873.15,4.0158e-08,36.666,0.019804,168.95,0.20292,23.974,59.512,36.666
T600_S300,300,600,873.15,7.0514e-08,21.19,0.016608,91.977,0.1723,12.438,33.013,21.19
T600_S340,340,600,873.15,1.1681e-07,16.305,0.022466,74.556,0.16512,10.704,29.872,16.305
T650_S160,160,650,923.15,4.4322e-08,27.265,0.01866,129.62,0.1977,19.475,42.629,27.265
T650_S190,190,650,923.15,8.6365e-08,17.811,0.018641,78.446,0.18251,11.263,27.502,17.811
T650_S220,220,650,923.15,1.6196e-07,10.56,0.018596,50.603,0.18922,6.7583,18.754,10.56
T650_S260,260,650,923.15,3.2799e-07,6.1385,0.021145,26.264,0.15617,3.6392,10.479,6.1385
T700_S110,110,700,973.15,5.4823e-08,32.786,0.020213,147.66,0.19527,20.46,53.246,32.786
T700_S130,130,700,973.15,1.1714e-07,15.853,0.021981,65.489,0.1726,9.6211,24.599,15.853
T700_S160,160,700,973.15,2.8727e-07,6.5398,0.019435,29.017,0.17305,3.9239,10.997,6.5398
T700_S190,190,700,973.15,6.7307e-07,2.3897,0.018492,10.448,0.20081,1.4652,3.5584,2.3897
T750_S80,80,750,1023.1,7.9729e-08,27.414,0.022938,118.99,0.17792,16.687,47.676,27.414
T750_S95,95,750,1023.1,1.8655e-07,9.4272,0.017163,41.218,0.1998,5.3673,14.519,9.4272
T750_S110,110,750,1023.1,3.2778e-07,5.9902,0.021053,30.668,0.17041,4.147,12.441,5.9902
T750_S130,130,750,1023.1,7.4272e-07,2.4785,0.019549,11.333,0.2062,1.5514,4.0867,2.4785
