t_ps,strain,T,pxx_GPa,T_K,stress_GPa,seed
0,0,1300,-0.4,1300,0.4,0
0.5,0.0103933,1290.68,-0.539823,1300,0.4,0
1,0.0108953,1309.48,-0.435102,1300,0.4,0
1.5,0.0108495,1304.21,-0.169499,1300,0.4,0
2,0.0149782,1281.61,-0.45764,1300,0.4,0
2.5,0.0157697,1292.95,-0.275114,1300,0.4,0
3,0.0191232,1309.42,-0.655396,1300,0.4,0
3.5,0.015756,1286.9,-0.131655,1300,0.4,0
4,0.0154386,1283.25,-0.25645,1300,0.4,0
4.5,0.0154033,1308.08,-0.337255,1300,0.4,0
5,0.0110872,1306.77,-0.150649,1300,0.4,0
5.5,0.0181313,1297.43,-0.860768,1300,0.4,0
6,0.00969937,1286.98,-0.0127826,1300,0.4,0
6.5,0.0169031,1310.73,-0.291402,1300,0.4,0
7,0.0210976,1298.88,-0.528492,1300,0.4,0
7.5,0.0226018,1312.35,-0.256256,1300,0.4,0
8,0.0252573,1287.42,-0.444855,1300,0.4,0
8.5,0.0255423,1299.14,-0.512275,1300,0.4,0
9,0.0268613,1311.99,-0.496455,1300,0.4,0
9.5,0.0226974,1295.7,-0.437269,1300,0.4,0
10,0.0209685,1304.13,-0.420928,1300,0.4,0
10.5,0.0255976,1301.61,-0.514091,1300,0.4,0
11,0.0201825,1285.84,-0.290577,1300,0.4,0
11.5,0.0214738,1308.53,-0.188397,1300,0.4,0
12,0.0239309,1299.11,-0.578465,1300,0.4,0
12.5,0.0200702,1309.18,-0.167132,1300,0.4,0
13,0.0242332,1319.57,-0.688007,1300,0.4,0
13.5,0.0225628,1304.35,-0.230885,1300,0.4,0
14,0.0203446,1311.94,-0.449653,1300,0.4,0
14.5,0.0243689,1308.41,-0.426448,1300,0.4,0
15,0.0183204,1285.6,-0.032241,1300,0.4,0
15.5,0.0248248,1289.02,-0.700668,1300,0.4,0
16,0.0242261,1316.39,-0.725022,1300,0.4,0
16.5,0.0255232,1305.08,-0.393461,1300,0.4,0
17,0.0241105,1278.9,-0.565321,1300,0.4,0
17.5,0.023293,1297.08,-0.414898,1300,0.4,0
18,0.0258051,1295.37,-0.709142,1300,0.4,0
18.5,0.0244641,1291.37,-0.122268,1300,0.4,0
19,0.0239189,1309.95,-0.333059,1300,0.4,0
19.5,0.0270831,1287.72,-0.599276,1300,0.4,0
20,0.0245725,1299,-0.577184,1300,0.4,0
20.5,0.0281736,1317.36,-0.282063,1300,0.4,0
21,0.0281243,1279.42,-0.834439,1300,0.4,0
21.5,0.0254973,1310,-0.278297,1300,0.4,0
22,0.0264474,1300.64,-0.407512,1300,0.4,0
22.5,0.0290176,1294.35,-0.413865,1300,0.4,0
23,0.026646,1298.72,-0.346353,1300,0.4,0
23.5,0.0269716,1278.55,-0.561034,1300,0.4,0
24,0.0260521,1294.42,-0.283266,1300,0.4,0
24.5,0.027671,1290.24,-0.603791,1300,0.4,0
25,0.0265861,1290.91,-0.471718,1300,0.4,0
25.5,0.0272351,1296.53,-0.496828,1300,0.4,0
26,0.0243382,1294.23,-0.35397,1300,0.4,0
26.5,0.0253089,1308.54,-0.699445,1300,0.4,0
27,0.0269405,1320.25,-0.53388,1300,0.4,0
27.5,0.0291478,1314.76,-0.525661,1300,0.4,0
28,0.0304593,1288.08,-0.297592,1300,0.4,0
28.5,0.0361848,1303.58,-0.591674,1300,0.4,0
29,0.0298114,1305.68,-0.241242,1300,0.4,0
29.5,0.0303803,1296.26,-0.314327,1300,0.4,0
30,0.031715,1283.23,-0.485173,1300,0.4,0
30.5,0.0325319,1315.18,-0.190184,1300,0.4,0
31,0.0332993,1299.34,-0.30291,1300,0.4,0
31.5,0.034389,1297.24,-0.414276,1300,0.4,0
32,0.0306838,1304.93,-0.15411,1300,0.4,0
32.5,0.0339453,1300.42,-0.591773,1300,0.4,0
33,0.0319317,1314.1,-0.791642,1300,0.4,0
33.5,0.0307637,1307.43,-0.43063,1300,0.4,0
34,0.03818,1302.23,-0.587344,1300,0.4,0
34.5,0.0347009,1321.65,-0.344681,1300,0.4,0
35,0.0314359,1290.72,-0.679162,1300,0.4,0
35.5,0.0343801,1301.53,-0.451895,1300,0.4,0
36,0.0370244,1293.97,-0.335138,1300,0.4,0
36.5,0.0381253,1301.27,-0.494523,1300,0.4,0
37,0.0393628,1307.4,-0.288842,1300,0.4,0
37.5,0.0330584,1285.8,-0.211676,1300,0.4,0
38,0.0391096,1286.46,-0.466687,1300,0.4,0
38.5,0.0340207,1310.49,0.0738111,1300,0.4,0
39,0.0426843,1285.33,-0.428459,1300,0.4,0
39.5,0.0421489,1299.55,-0.578626,1300,0.4,0
40,0.0417757,1323.52,-0.477626,1300,0.4,0
0,0,1300,-0.4,1300,0.4,1
0.5,0.00532762,1311.71,-0.445743,1300,0.4,1
1,0.0104119,1311.46,-0.445005,1300,0.4,1
1.5,0.0136365,1310.73,-0.239734,1300,0.4,1
2,0.0147661,1277.5,-0.334055,1300,0.4,1
2.5,0.0147168,1282.56,-0.281962,1300,0.4,1
3,0.014952,1311.04,-0.150339,1300,0.4,1
3.5,0.0218675,1300.42,-0.66707,1300,0.4,1
4,0.0209984,1298.32,-0.372416,1300,0.4,1
4.5,0.0202083,1311.42,-0.233848,1300,0.4,1
5,0.0200461,1282.7,-0.742794,1300,0.4,1
5.5,0.0240732,1308.84,-0.303369,1300,0.4,1
6,0.0214323,1301.27,-0.437698,1300,0.4,1
6.5,0.0218325,1298.26,-0.497752,1300,0.4,1
7,0.0214285,1306.25,-0.533679,1300,0.4,1
7.5,0.0213926,1314.86,-0.592213,1300,0.4,1
8,0.0189238,1295.14,-0.459916,1300,0.4,1
8.5,0.0174031,1307.92,-0.475262,1300,0.4,1
9,0.0200455,1317.19,-0.355874,1300,0.4,1
9.5,0.0205387,1285.57,-0.640414,1300,0.4,1
10,0.0174338,1290.61,-0.00730412,1300,0.4,1
10.5,0.0208733,1295.18,-0.515449,1300,0.4,1
11,0.0186054,1293.61,-0.557053,1300,0.4,1
11.5,0.021996,1335.16,-0.196871,1300,0.4,1
12,0.0211569,1295.54,-0.351646,1300,0.4,1
12.5,0.0257618,1313.44,-0.688747,1300,0.4,1
13,0.0183092,1309.74,0.0902158,1300,0.4,1
13.5,0.0250699,1282.33,-0.948834,1300,0.4,1
14,0.0211074,1306.42,-0.242767,1300,0.4,1
14.5,0.01988,1320.86,-0.0690022,1300,0.4,1
15,0.0217452,1299.04,-0.842587,1300,0.4,1
15.5,0.0172096,1310.59,-0.0478921,1300,0.4,1
16,0.0223145,1290.62,-0.571898,1300,0.4,1
16.5,0.0224301,1308.52,-0.47273,1300,0.4,1
17,0.0224052,1295.98,-0.232871,1300,0.4,1
17.5,0.0267145,1290,-0.534207,1300,0.4,1
18,0.0258587,1302.42,-0.131924,1300,0.4,1
18.5,0.0262371,1285.96,-0.41013,1300,0.4,1
19,0.0276078,1280.12,-0.518199,1300,0.4,1
19.5,0.0252025,1305.69,-0.0173105,1300,0.4,1
20,0.0225981,1285.28,-0.190561,1300,0.4,1
20.5,0.0239203,1285.71,-0.459903,1300,0.4,1
21,0.0221334,1330.78,-0.441467,1300,0.4,1
21.5,0.0300062,1279.96,-0.907452,1300,0.4,1
22,0.0259502,1282.26,0.0621289,1300,0.4,1
22.5,0.0300491,1301.88,-0.488747,1300,0.4,1
23,0.0257632,1290.74,-0.418235,1300,0.4,1
23.5,0.0266704,1301.32,-0.427857,1300,0.4,1
24,0.0285554,1283.19,-0.61191,1300,0.4,1
24.5,0.0280918,1295.21,-0.196367,1300,0.4,1
25,0.0303707,1316.16,-0.595499,1300,0.4,1
25.5,0.0302662,1278.15,-0.387303,1300,0.4,1
26,0.0296997,1292.34,-0.305516,1300,0.4,1
26.5,0.0342476,1300.69,-0.56152,1300,0.4,1
27,0.0324062,1299.12,-0.320972,1300,0.4,1
27.5,0.028049,1285.32,-0.197299,1300,0.4,1
28,0.0322056,1311.97,-0.679962,1300,0.4,1
28.5,0.0290345,1295.24,-0.201503,1300,0.4,1
29,0.0332414,1294.17,-0.699819,1300,0.4,1
29.5,0.0320647,1307.42,-0.110498,1300,0.4,1
30,0.0320681,1293.25,-0.622049,1300,0.4,1
30.5,0.0283697,1301.08,-0.258958,1300,0.4,1
31,0.0329636,1313.55,-0.285046,1300,0.4,1
31.5,0.0281361,1298.6,-0.660688,1300,0.4,1
32,0.0282175,1300.88,-0.395594,1300,0.4,1
32.5,0.0297242,1309.04,-0.444642,1300,0.4,1
33,0.0302281,1314.22,-0.56651,1300,0.4,1
33.5,0.0304053,1303.72,-0.390115,1300,0.4,1
34,0.0352034,1306.19,-1.03671,1300,0.4,1
34.5,0.0315724,1317.48,-0.443953,1300,0.4,1
35,0.0325607,1283.18,-0.485261,1300,0.4,1
35.5,0.0335279,1324.57,-0.224685,1300,0.4,1
36,0.033708,1295.65,-0.535878,1300,0.4,1
36.5,0.0347022,1303.84,-0.314679,1300,0.4,1
37,0.0351011,1301.45,-0.627544,1300,0.4,1
37.5,0.0336951,1319.03,-0.564842,1300,0.4,1
38,0.0378946,1293.06,-0.418646,1300,0.4,1
38.5,0.0317351,1300.39,-0.326666,1300,0.4,1
39,0.0313805,1297.79,-0.307897,1300,0.4,1
39.5,0.03018,1311.13,-0.45364,1300,0.4,1
40,0.0337792,1312.83,-0.613868,1300,0.4,1
0,0,1300,-0.4,1300,0.4,2
0.5,0.00866267,1290.03,-0.34207,1300,0.4,2
1,0.0141923,1296.39,-1.01128,1300,0.4,2
1.5,0.00924075,1301,-0.156362,1300,0.4,2
2,0.0118988,1301.42,-0.709552,1300,0.4,2
2.5,0.0129971,1293.06,-0.454656,1300,0.4,2
3,0.0137824,1306.35,-0.530918,1300,0.4,2
3.5,0.0126572,1318.45,-0.340035,1300,0.4,2
4,0.0129562,1280.71,-0.275495,1300,0.4,2
4.5,0.0150682,1293.59,-0.610431,1300,0.4,2
5,0.0119836,1305.2,-0.22024,1300,0.4,2
5.5,0.0109546,1288.64,-0.734669,1300,0.4,2
6,0.00859054,1305.81,-0.0881426,1300,0.4,2
6.5,0.00955578,1291.86,-0.501776,1300,0.4,2
7,0.0120618,1305.68,-0.619895,1300,0.4,2
7.5,0.0113966,1311.6,-0.26568,1300,0.4,2
8,0.0110201,1303.61,-0.494428,1300,0.4,2
8.5,0.0151703,1303.27,-0.353946,1300,0.4,2
9,0.010885,1310.33,-0.483922,1300,0.4,2
9.5,0.0132673,1296.13,-0.393929,1300,0.4,2
10,0.015568,1310.6,-0.286547,1300,0.4,2
10.5,0.0165868,1283.64,-0.737555,1300,0.4,2
11,0.0147657,1334.44,-0.0283543,1300,0.4,2
11.5,0.00869275,1286.03,-0.131331,1300,0.4,2
12,0.014339,1297.65,-0.672691,1300,0.4,2
12.5,0.0131133,1314.42,-0.247496,1300,0.4,2
13,0.0134768,1281,-0.337416,1300,0.4,2
13.5,0.0162295,1301.18,-0.405947,1300,0.4,2
14,0.0173002,1305.68,-0.784377,1300,0.4,2
14.5,0.0133965,1298.69,-0.33892,1300,0.4,2
15,0.0118277,1308.39,-0.312836,1300,0.4,2
15.5,0.0152109,1292.4,-0.549465,1300,0.4,2
16,0.0172575,1311.02,-0.594602,1300,0.4,2
16.5,0.0136111,1313.78,-0.278404,1300,0.4,2
17,0.0182212,1280.64,-0.634294,1300,0.4,2
17.5,0.0125007,1313.19,-0.0407555,1300,0.4,2
18,0.0167071,1278.89,-0.715261,1300,0.4,2
18.5,0.0143035,1284.22,-0.35715,1300,0.4,2
19,0.0141368,1324.22,-0.288825,1300,0.4,2
19.5,0.0132815,1275.37,-0.31144,1300,0.4,2
20,0.0161871,1312.21,-0.543336,1300,0.4,2
20.5,0.0156936,1289.61,-0.317659,1300,0.4,2
21,0.0144109,1283.12,-0.43931,1300,0.4,2
21.5,0.0197212,1300.69,-0.511311,1300,0.4,2
22,0.0181432,1307.16,-0.722757,1300,0.4,2
22.5,0.0196972,1302.59,-0.391776,1300,0.4,2
23,0.0153314,1300.87,-0.199116,1300,0.4,2
23.5,0.0186906,1279.93,-0.440174,1300,0.4,2
24,0.0188437,1298.14,-0.409078,1300,0.4,2
24.5,0.0211951,1280.46,-0.611898,1300,0.4,2
25,0.0183477,1329.8,-0.490917,1300,0.4,2
25.5,0.020999,1298.54,-0.759277,1300,0.4,2
26,0.0194719,1293.83,-0.441606,1300,0.4,2
26.5,0.0149052,1306.21,-0.173255,1300,0.4,2
27,0.0186486,1329.74,-0.54834,1300,0.4,2
27.5,0.013081,1300.21,-0.487224,1300,0.4,2
28,0.0134642,1286.55,0.13346,1300,0.4,2
28.5,0.0194876,1305.11,-0.624025,1300,0.4,2
29,0.0181868,1287.35,-0.475602,1300,0.4,2
29.5,0.0164529,1306.98,0.0851855,1300,0.4,2
30,0.0186981,1296.39,-0.45958,1300,0.4,2
30.5,0.0174929,1299.05,-0.474053,1300,0.4,2
31,0.0174924,1316.18,-0.460091,1300,0.4,2
31.5,0.0187198,1293.02,-0.577753,1300,0.4,2
32,0.0169737,1306.61,-0.341826,1300,0.4,2
32.5,0.0190139,1300.31,-0.249871,1300,0.4,2
33,0.0190051,1280.46,-0.657198,1300,0.4,2
33.5,0.0154549,1297.56,-0.461921,1300,0.4,2
34,0.0139679,1302.93,-0.138435,1300,0.4,2
34.5,0.0170892,1308.91,-0.482802,1300,0.4,2
35,0.0150915,1327.22,-0.258345,1300,0.4,2
35.5,0.0174718,1293.8,-0.792356,1300,0.4,2
36,0.0161108,1301.66,0.0380454,1300,0.4,2
36.5,0.0173233,1293.25,-0.430449,1300,0.4,2
37,0.0191843,1285.72,-0.735323,1300,0.4,2
37.5,0.0160781,1313.83,-0.13387,1300,0.4,2
38,0.021493,1288.81,-0.559283,1300,0.4,2
38.5,0.0205164,1313.62,-0.494438,1300,0.4,2
39,0.0179765,1277.19,-0.293628,1300,0.4,2
39.5,0.0173651,1292.68,-0.347777,1300,0.4,2
40,0.0186332,1307.15,-0.339399,1300,0.4,2
0,0,1300,-0.6,1300,0.6,0
0.5,0.013339,1289.48,-0.73378,1300,0.6,0
1,0.014713,1313.11,-0.579095,1300,0.6,0
1.5,0.0182399,1300.22,-0.429259,1300,0.6,0
2,0.0193783,1281.56,-0.851757,1300,0.6,0
2.5,0.0201198,1308,-0.661576,1300,0.6,0
3,0.0217748,1311.07,-0.255568,1300,0.6,0
3.5,0.0233101,1296.66,-1.17046,1300,0.6,0
4,0.0223786,1302.93,-0.553698,1300,0.6,0
4.5,0.0237868,1299.4,-0.432543,1300,0.6,0
5,0.0229656,1299.03,-0.585295,1300,0.6,0
5.5,0.0289533,1303.96,-0.622622,1300,0.6,0
6,0.0297465,1301.84,-0.718188,1300,0.6,0
6.5,0.0252759,1302.19,-0.455374,1300,0.6,0
7,0.0282654,1305.89,-0.73208,1300,0.6,0
7.5,0.0344975,1288.16,-0.74513,1300,0.6,0
8,0.0335895,1313.89,-0.361683,1300,0.6,0
8.5,0.0326972,1324.83,-0.640766,1300,0.6,0
9,0.0352887,1284.78,-0.546469,1300,0.6,0
9.5,0.0314081,1320.88,-0.360154,1300,0.6,0
10,0.0365586,1288.23,-1.01598,1300,0.6,0
10.5,0.0372554,1304.52,-0.656226,1300,0.6,0
11,0.0354328,1299.31,-0.186859,1300,0.6,0
11.5,0.0362475,1295.19,-0.707422,1300,0.6,0
12,0.0365454,1288.14,-0.344108,1300,0.6,0
12.5,0.0416322,1302.18,-0.744145,1300,0.6,0
13,0.0436075,1277.78,-0.839733,1300,0.6,0
13.5,0.0459018,1317.74,-0.650887,1300,0.6,0
14,0.0427838,1279.86,-0.419421,1300,0.6,0
14.5,0.0441155,1300.84,-0.72194,1300,0.6,0
15,0.0502255,1299.79,-0.609684,1300,0.6,0
15.5,0.0523464,1284.56,-0.894236,1300,0.6,0
16,0.0546482,1327.05,-0.865084,1300,0.6,0
16.5,0.0522003,1298.88,-0.908066,1300,0.6,0
17,0.0526476,1283.16,-0.79145,1300,0.6,0
17.5,0.053017,1320.94,-0.67397,1300,0.6,0
18,0.0532154,1305.09,-0.913839,1300,0.6,0
18.5,0.0533589,1298.36,-0.366232,1300,0.6,0
19,0.0546941,1280.12,-0.682494,1300,0.6,0
19.5,0.0593983,1282.82,-0.727081,1300,0.6,0
20,0.058654,1313.86,-0.654681,1300,0.6,0
20.5,0.056238,1304.66,-0.594994,1300,0.6,0
21,0.0620529,1270.81,-0.743398,1300,0.6,0
21.5,0.0548368,1300.81,-0.585787,1300,0.6,0
22,0.0594469,1319.81,-0.667694,1300,0.6,0
22.5,0.0567213,1296.59,-0.685001,1300,0.6,0
23,0.0599088,1295.27,-0.560078,1300,0.6,0
23.5,0.0617296,1284.61,-0.655356,1300,0.6,0
24,0.0631194,1313.95,-0.658781,1300,0.6,0
24.5,0.0663381,1309.7,-0.641312,1300,0.6,0
25,0.062109,1293.94,-0.464942,1300,0.6,0
25.5,0.064336,1305.99,-0.823754,1300,0.6,0
26,0.0659724,1307.13,-0.811282,1300,0.6,0
26.5,0.0656551,1290.19,-0.695854,1300,0.6,0
27,0.0605112,1300.88,-0.468458,1300,0.6,0
27.5,0.0656267,1281.09,-0.979641,1300,0.6,0
28,0.0654555,1302.76,-0.135495,1300,0.6,0
28.5,0.0633659,1292.92,-0.756587,1300,0.6,0
29,0.0665664,1303.99,-0.886213,1300,0.6,0
29.5,0.0648187,1298.47,-0.592529,1300,0.6,0
30,0.0661602,1300.5,-0.998771,1300,0.6,0
30.5,0.0656313,1311.03,-0.627466,1300,0.6,0
31,0.0646888,1284.64,-0.908427,1300,0.6,0
31.5,0.0625314,1296.16,-0.484649,1300,0.6,0
32,0.0670118,1305.74,-0.81912,1300,0.6,0
32.5,0.0610911,1282.73,-0.85517,1300,0.6,0
33,0.0630147,1321.93,-0.375865,1300,0.6,0
33.5,0.062729,1277.98,-0.869287,1300,0.6,0
34,0.0608431,1326.34,-0.540589,1300,0.6,0
34.5,0.0585728,1288.09,-0.398759,1300,0.6,0
35,0.0605894,1294.01,-0.62027,1300,0.6,0
35.5,0.0601174,1305.81,-0.514735,1300,0.6,0
36,0.0561076,1283.7,-0.744926,1300,0.6,0
36.5,0.060755,1297.06,-0.64918,1300,0.6,0
37,0.0625457,1294.86,-0.526255,1300,0.6,0
37.5,0.061142,1287.09,-0.640575,1300,0.6,0
38,0.0604124,1302.77,-0.539671,1300,0.6,0
38.5,0.0595239,1308.49,-0.683324,1300,0.6,0
39,0.060331,1298.8,-0.490113,1300,0.6,0
39.5,0.0636081,1317.38,-0.550926,1300,0.6,0
40,0.0701577,1309.9,-0.876886,1300,0.6,0
0,0,1300,-0.6,1300,0.6,1
0.5,0.00945303,1312.16,-0.697398,1300,0.6,1
1,0.0153469,1304.69,-0.562114,1300,0.6,1
1.5,0.0203637,1310.23,-0.699817,1300,0.6,1
2,0.0195578,1288.78,-0.835163,1300,0.6,1
2.5,0.0191156,1316.3,-0.602356,1300,0.6,1
3,0.0218901,1282.87,-0.637085,1300,0.6,1
3.5,0.0250205,1292.96,-0.797181,1300,0.6,1
4,0.0259651,1311.98,-0.272237,1300,0.6,1
4.5,0.0263997,1282.49,-1.04094,1300,0.6,1
5,0.0242242,1313.48,-0.386147,1300,0.6,1
5.5,0.0281655,1296.44,-0.502227,1300,0.6,1
6,0.0323755,1298.12,-0.616144,1300,0.6,1
6.5,0.0292448,1294.59,-0.390061,1300,0.6,1
7,0.0299009,1305.75,-1.06085,1300,0.6,1
7.5,0.0227697,1297.96,-0.223739,1300,0.6,1
8,0.0297068,1285.3,-0.941708,1300,0.6,1
8.5,0.0294197,1303.14,-0.706716,1300,0.6,1
9,0.0314258,1310.98,-0.647257,1300,0.6,1
9.5,0.0293754,1292.85,-0.650684,1300,0.6,1
10,0.0329793,1295.67,-0.668289,1300,0.6,1
10.5,0.0318578,1297.12,-0.673435,1300,0.6,1
11,0.0321275,1307.73,-0.941544,1300,0.6,1
11.5,0.0360311,1319.86,-0.61912,1300,0.6,1
12,0.0388347,1288.88,-0.710099,1300,0.6,1
12.5,0.0392178,1288.14,-0.916237,1300,0.6,1
13,0.0356078,1296.22,-0.297109,1300,0.6,1
13.5,0.0339651,1307.36,-0.668366,1300,0.6,1
14,0.0347984,1292.61,-0.461477,1300,0.6,1
14.5,0.0369242,1316.75,-0.483492,1300,0.6,1
15,0.040233,1294.22,-0.751405,1300,0.6,1
15.5,0.0364917,1300.7,-0.450733,1300,0.6,1
16,0.0398783,1293.99,-0.688472,1300,0.6,1
16.5,0.0399069,1295.44,-0.559986,1300,0.6,1
17,0.0411694,1300.72,-0.650288,1300,0.6,1
17.5,0.0424944,1297.14,-1.02124,1300,0.6,1
18,0.0401815,1315.91,-0.488225,1300,0.6,1
18.5,0.0428688,1293.69,-0.607533,1300,0.6,1
19,0.0396591,1292.98,-0.399982,1300,0.6,1
19.5,0.0445989,1295.31,-0.862507,1300,0.6,1
20,0.0406637,1303.74,-0.506217,1300,0.6,1
20.5,0.0431239,1304.23,-0.52427,1300,0.6,1
21,0.0472392,1278.68,-0.460551,1300,0.6,1
21.5,0.0477419,1289.78,-0.823241,1300,0.6,1
22,0.0478353,1297.72,-0.563623,1300,0.6,1
22.5,0.0517198,1314.11,-0.781295,1300,0.6,1
23,0.0500073,1292.82,-0.576329,1300,0.6,1
23.5,0.0491666,1291.63,-0.355287,1300,0.6,1
24,0.0540777,1295.75,-0.544672,1300,0.6,1
24.5,0.055729,1295.11,-0.755775,1300,0.6,1
25,0.0608937,1277.69,-0.905736,1300,0.6,1
25.5,0.0554272,1305.01,-0.435302,1300,0.6,1
26,0.0578415,1293.86,-0.82363,1300,0.6,1
26.5,0.0548033,1302.42,-0.628617,1300,0.6,1
27,0.0590642,1316.14,-0.82291,1300,0.6,1
27.5,0.0591271,1294.91,-0.963412,1300,0.6,1
28,0.0657224,1296.08,-0.559666,1300,0.6,1
28.5,0.0624516,1303.52,-0.463588,1300,0.6,1
29,0.064882,1290.28,-0.579222,1300,0.6,1
29.5,0.0620766,1310.57,-0.642147,1300,0.6,1
30,0.0641858,1302.43,-0.907071,1300,0.6,1
30.5,0.0640708,1295.97,-0.313269,1300,0.6,1
31,0.0659012,1299.26,-0.608118,1300,0.6,1
31.5,0.0620018,1312.75,-0.693039,1300,0.6,1
32,0.063279,1287.96,-0.440177,1300,0.6,1
32.5,0.0666638,1289.72,-0.669073,1300,0.6,1
33,0.0689635,1310.27,-0.857369,1300,0.6,1
33.5,0.0688833,1301.66,-0.837982,1300,0.6,1
34,0.0670166,1292.5,-0.482987,1300,0.6,1
34.5,0.0698973,1293.52,-0.693264,1300,0.6,1
35,0.0706395,1284.64,-0.679937,1300,0.6,1
35.5,0.0715099,1317.59,-0.677626,1300,0.6,1
36,0.0721371,1291.06,-0.870773,1300,0.6,1
36.5,0.0721429,1301.55,-0.619905,1300,0.6,1
37,0.0759495,1302.53,-0.565164,1300,0.6,1
37.5,0.0796034,1316.02,-0.975553,1300,0.6,1
38,0.0821524,1304.21,-0.627904,1300,0.6,1
38.5,0.082842,1300.79,-0.92697,1300,0.6,1
39,0.0818638,1322.91,-0.532952,1300,0.6,1
39.5,0.0824718,1299.43,-0.903709,1300,0.6,1
40,0.0849963,1284.41,-0.580008,1300,0.6,1
0,0,1300,-0.6,1300,0.6,2
0.5,0.0121443,1294.26,-0.610284,1300,0.6,2
1,0.0191177,1306.77,-1.16994,1300,0.6,2
1.5,0.0141265,1298.01,-0.399288,1300,0.6,2
2,0.022022,1296.85,-0.810901,1300,0.6,2
2.5,0.0198816,1298.66,-0.346817,1300,0.6,2
3,0.0203182,1295.29,-0.532476,1300,0.6,2
3.5,0.0244974,1300.9,-1.08976,1300,0.6,2
4,0.0234962,1298.49,-0.463457,1300,0.6,2
4.5,0.0292343,1303.55,-0.822031,1300,0.6,2
5,0.0272779,1296.13,-0.47682,1300,0.6,2
5.5,0.0348363,1300.78,-0.832465,1300,0.6,2
6,0.0321615,1283.9,-0.50206,1300,0.6,2
6.5,0.0357034,1301.15,-0.760571,1300,0.6,2
7,0.036934,1330.76,-0.932446,1300,0.6,2
7.5,0.031037,1277.89,-0.626367,1300,0.6,2
8,0.0382481,1297.34,-0.515086,1300,0.6,2
8.5,0.0384454,1296.86,-0.583337,1300,0.6,2
9,0.0402293,1317.41,-0.597922,1300,0.6,2
9.5,0.0388171,1289.04,-0.535893,1300,0.6,2
10,0.0403222,1288.01,-0.624024,1300,0.6,2
10.5,0.0398355,1335.73,-0.695425,1300,0.6,2
11,0.0421203,1321.45,-1.06994,1300,0.6,2
11.5,0.0417638,1307.71,-0.699513,1300,0.6,2
12,0.0404926,1292.58,-0.578903,1300,0.6,2
12.5,0.040165,1312.56,-0.777742,1300,0.6,2
13,0.0371306,1303.95,-0.396568,1300,0.6,2
13.5,0.0402593,1297.36,-0.905996,1300,0.6,2
14,0.0364272,1317.92,-0.0129963,1300,0.6,2
14.5,0.0413427,1304.25,-0.941001,1300,0.6,2
15,0.0429612,1280.28,-0.691524,1300,0.6,2
15.5,0.0405111,1310.98,-0.368925,1300,0.6,2
16,0.0410575,1303.99,-0.808785,1300,0.6,2
16.5,0.0446858,1307.04,-0.604755,1300,0.6,2
17,0.0456088,1314.56,-0.824011,1300,0.6,2
17.5,0.0443947,1279.42,-0.575802,1300,0.6,2
18,0.0508488,1307.46,-0.984652,1300,0.6,2
18.5,0.048446,1312.65,-0.585226,1300,0.6,2
19,0.0464905,1286.02,-0.764947,1300,0.6,2
19.5,0.0489707,1307.88,-0.777424,1300,0.6,2
20,0.0491229,1318.35,-0.554846,1300,0.6,2
20.5,0.0516557,1301.84,-0.809113,1300,0.6,2
21,0.0540736,1294.93,-0.98778,1300,0.6,2
21.5,0.0461126,1312.89,-0.244825,1300,0.6,2
22,0.0520684,1290.7,-0.853825,1300,0.6,2
22.5,0.0525818,1300.63,-0.368845,1300,0.6,2
23,0.0522254,1309.65,-0.637962,1300,0.6,2
23.5,0.0508988,1293.73,-0.663445,1300,0.6,2
24,0.0496145,1293.03,-0.489128,1300,0.6,2
24.5,0.0560141,1329.21,-0.77926,1300,0.6,2
25,0.0525807,1295.17,-0.81026,1300,0.6,2
25.5,0.05619,1321.08,-0.589831,1300,0.6,2
26,0.0535253,1303.47,-0.889405,1300,0.6,2
26.5,0.0525943,1288.72,-0.496598,1300,0.6,2
27,0.0558216,1285.99,-0.544401,1300,0.6,2
27.5,0.0574507,1278.55,-0.772593,1300,0.6,2
28,0.0568621,1304.53,-0.684241,1300,0.6,2
28.5,0.0591886,1301.59,-0.714171,1300,0.6,2
29,0.0604493,1302.37,-0.626675,1300,0.6,2
29.5,0.0631605,1288.65,-0.420297,1300,0.6,2
30,0.0657331,1305.93,-0.948796,1300,0.6,2
30.5,0.059058,1313.21,-0.517601,1300,0.6,2
31,0.0621145,1290.02,-0.54787,1300,0.6,2
31.5,0.0625357,1303.75,-0.895125,1300,0.6,2
32,0.0592025,1299.02,-0.345964,1300,0.6,2
32.5,0.0588596,1308.53,-0.727516,1300,0.6,2
33,0.061467,1294.71,-0.614934,1300,0.6,2
33.5,0.0607307,1291.46,-0.110589,1300,0.6,2
34,0.0630638,1290.77,-0.845536,1300,0.6,2
34.5,0.0597245,1304.36,-0.4841,1300,0.6,2
35,0.0632117,1317.03,-0.697521,1300,0.6,2
35.5,0.0654147,1292.67,-1.1497,1300,0.6,2
36,0.0583126,1311.09,-0.315304,1300,0.6,2
36.5,0.0627397,1291.14,-1.01585,1300,0.6,2
37,0.0622701,1294.7,-0.442235,1300,0.6,2
37.5,0.0598237,1304.98,-0.604565,1300,0.6,2
38,0.0660142,1299.45,-0.825378,1300,0.6,2
38.5,0.0668692,1311.49,-0.550638,1300,0.6,2
39,0.0657226,1285.69,-0.65803,1300,0.6,2
39.5,0.0671056,1282.58,-0.53931,1300,0.6,2
40,0.0663997,1309.62,-0.240307,1300,0.6,2
0,0,1300,-0.8,1300,0.8,0
0.5,0.0160002,1288.82,-0.920071,1300,0.8,0
1,0.0194647,1307.83,-0.734891,1300,0.8,0
1.5,0.0196439,1298.79,-0.78343,1300,0.8,0
2,0.0273102,1299.75,-1.12047,1300,0.8,0
2.5,0.029432,1316.84,-0.813165,1300,0.8,0
3,0.0304957,1305.21,-0.755942,1300,0.8,0
3.5,0.0307202,1291.87,-1.21959,1300,0.8,0
4,0.0295978,1304.18,-0.696291,1300,0.8,0
4.5,0.0302523,1309.53,-0.860011,1300,0.8,0
5,0.0361117,1273.37,-1.15704,1300,0.8,0
5.5,0.0365912,1327.8,-0.78471,1300,0.8,0
6,0.0395014,1302.64,-1.04821,1300,0.8,0
6.5,0.0405405,1279.79,-0.853168,1300,0.8,0
7,0.0377921,1293.74,-0.727837,1300,0.8,0
7.5,0.0458694,1303.24,-1.00811,1300,0.8,0
8,0.0458737,1322.53,-0.828508,1300,0.8,0
8.5,0.0532088,1280.45,-1.14684,1300,0.8,0
9,0.0518977,1317.2,-0.359034,1300,0.8,0
9.5,0.0571881,1291.31,-0.968225,1300,0.8,0
10,0.0576448,1299.65,-0.805604,1300,0.8,0
10.5,0.0631111,1298.55,-0.942106,1300,0.8,0
11,0.0612726,1297.45,-0.953218,1300,0.8,0
11.5,0.0642062,1301.38,-0.863734,1300,0.8,0
12,0.0677993,1293.8,-1.17824,1300,0.8,0
12.5,0.0708824,1315.16,-0.826583,1300,0.8,0
13,0.0717561,1298.19,-0.811108,1300,0.8,0
13.5,0.0727839,1273.06,-0.862224,1300,0.8,0
14,0.0732241,1300.8,-0.664488,1300,0.8,0
14.5,0.0802089,1297.86,-0.86921,1300,0.8,0
15,0.0792139,1295.11,-0.763783,1300,0.8,0
15.5,0.0851141,1311.54,-1.0263,1300,0.8,0
16,0.0842566,1308.47,-1.0184,1300,0.8,0
16.5,0.0886144,1286.01,-0.78288,1300,0.8,0
17,0.0926077,1301.99,-0.71038,1300,0.8,0
17.5,0.0980908,1310.8,-0.800316,1300,0.8,0
18,0.101969,1303.99,-1.13919,1300,0.8,0
18.5,0.102342,1287.71,-1.02977,1300,0.8,0
19,0.105455,1317.26,-0.924581,1300,0.8,0
19.5,0.109387,1297.82,-1.20453,1300,0.8,0
20,0.112187,1288.66,-0.789989,1300,0.8,0
20.5,0.115716,1279.71,-0.954409,1300,0.8,0
21,0.116879,1315.59,-0.774701,1300,0.8,0
21.5,0.119883,1286.28,-1.0508,1300,0.8,0
22,0.120287,1292.9,-0.625308,1300,0.8,0
22.5,0.120765,1300.41,-0.869332,1300,0.8,0
23,0.12229,1299.96,-0.929311,1300,0.8,0
23.5,0.123029,1291.72,-0.526263,1300,0.8,0
24,0.122825,1307.63,-0.952155,1300,0.8,0
24.5,0.129513,1315.53,-1.15379,1300,0.8,0
25,0.129459,1297.33,-1.06913,1300,0.8,0
25.5,0.127284,1306.19,-0.651088,1300,0.8,0
26,0.131743,1297.06,-0.96227,1300,0.8,0
26.5,0.133398,1279.33,-1.27047,1300,0.8,0
27,0.130643,1304.05,-0.329398,1300,0.8,0
27.5,0.140247,1303.22,-1.54507,1300,0.8,0
28,0.136197,1292.91,-0.735728,1300,0.8,0
28.5,0.137899,1283.68,-0.465722,1300,0.8,0
29,0.139284,1326.86,-1.26143,1300,0.8,0
29.5,0.139326,1324.15,-0.738649,1300,0.8,0
30,0.142039,1297.84,-0.967389,1300,0.8,0
30.5,0.145587,1287.07,-0.952853,1300,0.8,0
31,0.144661,1303.1,-0.768034,1300,0.8,0
31.5,0.147891,1285.29,-1.19483,1300,0.8,0
32,0.144191,1290.99,-0.66389,1300,0.8,0
32.5,0.150309,1300.58,-0.88953,1300,0.8,0
33,0.155531,1306.65,-1.22831,1300,0.8,0
33.5,0.152705,1304.11,-0.915722,1300,0.8,0
34,0.154213,1305.44,-0.95924,1300,0.8,0
34.5,0.15491,1315.08,-1.33749,1300,0.8,0
35,0.155934,1306.55,-1.03688,1300,0.8,0
35.5,0.159458,1301.71,-0.950716,1300,0.8,0
36,0.154167,1284.08,-0.769483,1300,0.8,0
36.5,0.162112,1317.63,-1.17399,1300,0.8,0
37,0.161495,1285.38,-0.961905,1300,0.8,0
37.5,0.162092,1285.11,-0.942586,1300,0.8,0
38,0.163655,1293.27,-0.984855,1300,0.8,0
38.5,0.16216,1293.11,-0.881851,1300,0.8,0
39,0.162576,1285.93,-0.82167,1300,0.8,0
39.5,0.163749,1298.7,-0.98626,1300,0.8,0
40,0.159692,1287.89,-0.70877,1300,0.8,0
0,0,1300,-0.8,1300,0.8,1
0.5,0.0128362,1312.64,-0.90312,1300,0.8,1
1,0.0199967,1291.69,-0.71582,1300,0.8,1
1.5,0.0263577,1304.12,-0.720956,1300,0.8,1
2,0.0289312,1295.97,-0.690554,1300,0.8,1
2.5,0.0333094,1280.13,-0.772021,1300,0.8,1
3,0.0355665,1311.3,-0.818249,1300,0.8,1
3.5,0.0371891,1296.58,-0.809417,1300,0.8,1
4,0.0383558,1296.6,-1.0781,1300,0.8,1
4.5,0.0389139,1310.08,-0.589882,1300,0.8,1
5,0.0435734,1302.08,-1.10155,1300,0.8,1
5.5,0.0392212,1293.08,-0.682136,1300,0.8,1
6,0.0433707,1320.54,-0.790179,1300,0.8,1
6.5,0.0448398,1286.49,-0.95258,1300,0.8,1
7,0.0466208,1287.03,-0.749812,1300,0.8,1
7.5,0.0473461,1318.1,-0.570778,1300,0.8,1
8,0.0496324,1306.71,-1.00177,1300,0.8,1
8.5,0.0504909,1293.58,-0.979721,1300,0.8,1
9,0.0470418,1298.75,-0.341871,1300,0.8,1
9.5,0.0570081,1297.7,-1.42764,1300,0.8,1
10,0.055647,1280.75,-0.669435,1300,0.8,1
10.5,0.0586495,1297.98,-1.00436,1300,0.8,1
11,0.0605352,1324.99,-0.754259,1300,0.8,1
11.5,0.0646259,1295.22,-1.09599,1300,0.8,1
12,0.0688607,1301.17,-0.908986,1300,0.8,1
12.5,0.0724614,1289.99,-0.728727,1300,0.8,1
13,0.0794921,1301.9,-1.31281,1300,0.8,1
13.5,0.0788641,1313.56,-0.787947,1300,0.8,1
14,0.0829625,1297.84,-1.3516,1300,0.8,1
14.5,0.0803255,1302.95,-0.910836,1300,0.8,1
15,0.081246,1293.44,-0.767577,1300,0.8,1
15.5,0.0830932,1289.57,-1.29534,1300,0.8,1
16,0.0831317,1308.78,-0.509499,1300,0.8,1
16.5,0.089057,1305.94,-0.956247,1300,0.8,1
17,0.0889333,1310.88,-1.15271,1300,0.8,1
17.5,0.0912928,1307.8,-0.606108,1300,0.8,1
18,0.0969807,1285.34,-0.874664,1300,0.8,1
18.5,0.0999735,1314.98,-0.907455,1300,0.8,1
19,0.0961749,1284.69,-0.956177,1300,0.8,1
19.5,0.100491,1297.92,-0.769343,1300,0.8,1
20,0.101269,1286.01,-1.02017,1300,0.8,1
20.5,0.101703,1300.86,-1.05749,1300,0.8,1
21,0.10423,1305.58,-0.758173,1300,0.8,1
21.5,0.104004,1280.67,-0.815613,1300,0.8,1
22,0.106514,1312.47,-0.892159,1300,0.8,1
22.5,0.10561,1302.51,-0.658398,1300,0.8,1
23,0.11127,1285.45,-1.33108,1300,0.8,1
23.5,0.110963,1305.43,-0.229321,1300,0.8,1
24,0.111719,1293.71,-1.01754,1300,0.8,1
24.5,0.109474,1286.89,-1.02612,1300,0.8,1
25,0.113663,1323.4,-0.758283,1300,0.8,1
25.5,0.117465,1309.37,-0.992583,1300,0.8,1
26,0.116441,1301.36,-1.12958,1300,0.8,1
26.5,0.119804,1300.02,-1.02833,1300,0.8,1
27,0.112415,1291.94,-0.762078,1300,0.8,1
27.5,0.11672,1298.68,-0.827664,1300,0.8,1
28,0.12207,1296.7,-0.978315,1300,0.8,1
28.5,0.118938,1301.68,-0.840879,1300,0.8,1
29,0.13157,1310.26,-1.28124,1300,0.8,1
29.5,0.129923,1308.87,-0.993997,1300,0.8,1
30,0.130801,1300.16,-1.18122,1300,0.8,1
30.5,0.125266,1289.68,-0.4344,1300,0.8,1
31,0.132193,1309.59,-1.07467,1300,0.8,1
31.5,0.130453,1318.06,-0.818613,1300,0.8,1
32,0.136819,1305.24,-1.07509,1300,0.8,1
32.5,0.139108,1300.84,-1.00802,1300,0.8,1
33,0.13958,1312.11,-0.625369,1300,0.8,1
33.5,0.14881,1293.3,-1.43023,1300,0.8,1
34,0.142756,1287.78,-0.822475,1300,0.8,1
34.5,0.148248,1304.88,-1.0092,1300,0.8,1
35,0.150415,1314.36,-0.845081,1300,0.8,1
35.5,0.15228,1285.84,-1.22339,1300,0.8,1
36,0.154795,1301.49,-1.13095,1300,0.8,1
36.5,0.156163,1289.56,-1.12377,1300,0.8,1
37,0.15023,1300.82,-0.742561,1300,0.8,1
37.5,0.156854,1275.88,-1.03517,1300,0.8,1
38,0.153008,1310.23,-0.780306,1300,0.8,1
38.5,0.158728,1309.53,-1.49596,1300,0.8,1
39,0.151405,1308.01,-0.635539,1300,0.8,1
39.5,0.155861,1309.14,-0.969521,1300,0.8,1
40,0.160959,1287.63,-1.47878,1300,0.8,1
0,0,1300,-0.8,1300,0.8,2
0.5,0.0151968,1294.52,-0.878384,1300,0.8,2
1,0.0243101,1308.25,-1.19814,1300,0.8,2
1.5,0.0229009,1277.81,-0.746764,1300,0.8,2
2,0.0263753,1303.25,-0.673062,1300,0.8,2
2.5,0.0292939,1318.72,-0.79314,1300,0.8,2
3,0.0316996,1277.4,-0.790879,1300,0.8,2
3.5,0.0345544,1318.1,-0.745275,1300,0.8,2
4,0.0332376,1296.64,-0.819737,1300,0.8,2
4.5,0.0340493,1283.77,-0.756739,1300,0.8,2
5,0.0351326,1315.21,-0.578014,1300,0.8,2
5.5,0.0411835,1286.16,-1.00658,1300,0.8,2
6,0.0408225,1318.53,-0.971628,1300,0.8,2
6.5,0.0390595,1317.58,-0.643096,1300,0.8,2
7,0.0420606,1279.21,-0.833413,1300,0.8,2
7.5,0.0416056,1313.6,-0.576758,1300,0.8,2
8,0.0445049,1316.06,-0.670822,1300,0.8,2
8.5,0.0419601,1306.91,-1.09487,1300,0.8,2
9,0.0415904,1297.62,-0.719358,1300,0.8,2
9.5,0.0423917,1284.29,-0.588953,1300,0.8,2
10,0.0482237,1301.22,-1.0076,1300,0.8,2
10.5,0.0461906,1307.5,-0.782722,1300,0.8,2
11,0.0472024,1292.9,-1.10242,1300,0.8,2
11.5,0.0466653,1306.11,-1.01409,1300,0.8,2
12,0.0493816,1283.51,-0.531986,1300,0.8,2
12.5,0.0507357,1298.77,-0.947953,1300,0.8,2
13,0.0504107,1313.61,-1.15259,1300,0.8,2
13.5,0.0504532,1305.7,-0.814242,1300,0.8,2
14,0.0503888,1296.95,-0.794109,1300,0.8,2
14.5,0.050482,1287.16,-0.970409,1300,0.8,2
15,0.0519336,1304.42,-0.784175,1300,0.8,2
15.5,0.0530477,1300.77,-0.659304,1300,0.8,2
16,0.0562724,1290.25,-0.99924,1300,0.8,2
16.5,0.0539717,1313.67,-0.770168,1300,0.8,2
17,0.0551394,1299.68,-0.935172,1300,0.8,2
17.5,0.0610654,1323.02,-1.09775,1300,0.8,2
18,0.0608933,1314.79,-0.504621,1300,0.8,2
18.5,0.0614636,1295.88,-1.41712,1300,0.8,2
19,0.0610184,1313.85,-0.858601,1300,0.8,2
19.5,0.0612303,1304.44,-0.808909,1300,0.8,2
20,0.0668814,1299.58,-0.877265,1300,0.8,2
20.5,0.06696,1317.67,-0.9587,1300,0.8,2
21,0.065633,1299.01,-1.11016,1300,0.8,2
21.5,0.0644102,1309.32,-1.0704,1300,0.8,2
22,0.0693544,1297.09,-0.882554,1300,0.8,2
22.5,0.0664056,1297.23,-0.855098,1300,0.8,2
23,0.0688614,1308.36,-1.1924,1300,0.8,2
23.5,0.0700258,1324.62,-0.730424,1300,0.8,2
24,0.0768539,1291.29,-1.31706,1300,0.8,2
24.5,0.0767242,1312.05,-0.80343,1300,0.8,2
25,0.0776782,1284.91,-0.899514,1300,0.8,2
25.5,0.0760105,1290.93,-0.823317,1300,0.8,2
26,0.0781693,1283.82,-0.747179,1300,0.8,2
26.5,0.081312,1318.45,-0.871582,1300,0.8,2
27,0.0800004,1289.47,-0.919498,1300,0.8,2
27.5,0.0777473,1347.62,-0.280645,1300,0.8,2
28,0.0865945,1275.91,-1.05788,1300,0.8,2
28.5,0.0887431,1294.39,-0.95595,1300,0.8,2
29,0.0917697,1315.71,-0.850447,1300,0.8,2
29.5,0.0940566,1291.78,-1.17353,1300,0.8,2
30,0.0892439,1301.42,-0.612992,1300,0.8,2
30.5,0.0962291,1327.13,-0.997852,1300,0.8,2
31,0.0980177,1294.35,-1.17159,1300,0.8,2
31.5,0.0963803,1280.96,-0.672247,1300,0.8,2
32,0.102717,1305.45,-0.871245,1300,0.8,2
32.5,0.10578,1300.85,-0.984991,1300,0.8,2
33,0.101291,1281.03,-0.820537,1300,0.8,2
33.5,0.104642,1311.72,-0.784579,1300,0.8,2
34,0.111768,1312.91,-1.01873,1300,0.8,2
34.5,0.109216,1269.06,-0.806814,1300,0.8,2
35,0.110905,1295.13,-1.32024,1300,0.8,2
35.5,0.110324,1309.9,-0.457767,1300,0.8,2
36,0.107385,1292,-1.13242,1300,0.8,2
36.5,0.108848,1297.71,-0.965945,1300,0.8,2
37,0.110641,1306.79,-0.681423,1300,0.8,2
37.5,0.109999,1298.87,-0.906813,1300,0.8,2
38,0.110389,1311.15,-1.11252,1300,0.8,2
38.5,0.109503,1314.23,-0.713552,1300,0.8,2
39,0.111599,1281.8,-1.23452,1300,0.8,2
39.5,0.11186,1294.08,-0.990697,1300,0.8,2
40,0.106014,1308.93,-0.408758,1300,0.8,2
0,0,1300,-1,1300,1,0
0.5,0.0185744,1288.62,-1.1078,1300,1,0
1,0.0239584,1305.69,-0.95884,1300,1,0
1.5,0.0273139,1307.08,-1.05628,1300,1,0
2,0.0359995,1320.71,-1.23283,1300,1,0
2.5,0.0363851,1292.64,-1.06821,1300,1,0
3,0.037869,1290.8,-0.89001,1300,1,0
3.5,0.0411972,1314.17,-1.05072,1300,1,0
4,0.0473895,1301.39,-1.4018,1300,1,0
4.5,0.0487796,1298.19,-1.03668,1300,1,0
5,0.0521126,1295.48,-1.08624,1300,1,0
5.5,0.0588478,1306.6,-1.26988,1300,1,0
6,0.0631952,1293.65,-0.875116,1300,1,0
6.5,0.0627232,1293.28,-1.21477,1300,1,0
7,0.069115,1298.45,-1.09998,1300,1,0
7.5,0.0768925,1310.77,-1.37954,1300,1,0
8,0.0804534,1319.91,-0.947463,1300,1,0
8.5,0.0819856,1295.18,-1.22587,1300,1,0
9,0.0841334,1315.42,-1.36987,1300,1,0
9.5,0.0867322,1295.62,-0.89124,1300,1,0
10,0.0957896,1294,-1.19474,1300,1,0
10.5,0.099932,1299.37,-1.32148,1300,1,0
11,0.103084,1294.75,-0.891956,1300,1,0
11.5,0.107971,1309.67,-1.40073,1300,1,0
12,0.104077,1291.65,-1.26629,1300,1,0
12.5,0.106683,1303.92,-1.15164,1300,1,0
13,0.104027,1279.89,-1.07855,1300,1,0
13.5,0.104341,1319.4,-1.20548,1300,1,0
14,0.110915,1298.26,-1.02661,1300,1,0
14.5,0.113198,1301.79,-1.49972,1300,1,0
15,0.11227,1304.54,-1.02278,1300,1,0
15.5,0.116744,1285.04,-1.11789,1300,1,0
16,0.1189,1296.91,-1.19503,1300,1,0
16.5,0.110979,1303.45,-1.31082,1300,1,0
17,0.11785,1309.08,-1.37988,1300,1,0
17.5,0.120895,1312.82,-1.20827,1300,1,0
18,0.126452,1294.22,-1.35475,1300,1,0
18.5,0.127432,1272.98,-1.13146,1300,1,0
19,0.131465,1311.04,-1.10687,1300,1,0
19.5,0.129152,1296.67,-1.27252,1300,1,0
20,0.132591,1292.78,-1.29689,1300,1,0
20.5,0.128883,1308.53,-1.15422,1300,1,0
21,0.131116,1275.7,-1.2009,1300,1,0
21.5,0.130474,1291.53,-1.07998,1300,1,0
22,0.134683,1310.09,-1.44538,1300,1,0
22.5,0.132287,1293.29,-1.20432,1300,1,0
23,0.142574,1312.21,-1.22939,1300,1,0
23.5,0.140311,1311.44,-1.28049,1300,1,0
24,0.137307,1298.77,-1.09133,1300,1,0
24.5,0.143184,1289.74,-1.25678,1300,1,0
25,0.143199,1302.65,-1.06512,1300,1,0
25.5,0.147899,1309.24,-1.05441,1300,1,0
26,0.151653,1289.68,-1.29715,1300,1,0
26.5,0.155252,1310.48,-1.53668,1300,1,0
27,0.155361,1307.82,-0.954221,1300,1,0
27.5,0.156809,1285.12,-1.47314,1300,1,0
28,0.155705,1292.41,-1.19131,1300,1,0
28.5,0.156968,1319.29,-1.02893,1300,1,0
29,0.161934,1287.23,-1.6678,1300,1,0
29.5,0.155589,1307.75,-0.977087,1300,1,0
30,0.161067,1292.88,-1.17851,1300,1,0
30.5,0.160284,1283.98,-1.15201,1300,1,0
31,0.162678,1301.02,-1.29991,1300,1,0
31.5,0.165071,1304.96,-1.55213,1300,1,0
32,0.167233,1295.98,-1.35074,1300,1,0
32.5,0.169056,1314.32,-1.08756,1300,1,0
33,0.176468,1300.14,-1.42873,1300,1,0
33.5,0.17579,1290.08,-0.987279,1300,1,0
34,0.178224,1296.04,-1.33574,1300,1,0
34.5,0.182852,1272.33,-1.44849,1300,1,0
35,0.188856,1293.56,-0.991606,1300,1,0
35.5,0.189109,1293.71,-1.28659,1300,1,0
36,0.194653,1295.23,-1.21942,1300,1,0
36.5,0.199199,1297.81,-0.971532,1300,1,0
37,0.205064,1298.14,-1.44149,1300,1,0
37.5,0.20492,1290.16,-0.951381,1300,1,0
38,0.208139,1313.1,-1.33146,1300,1,0
38.5,0.215034,1312.14,-1.60945,1300,1,0
39,0.215178,1304.47,-1.36305,1300,1,0
39.5,0.215203,1306.47,-1.48822,1300,1,0
40,0.220212,1321.93,-1.31418,1300,1,0
0,0,1300,-1,1300,1,1
0.5,0.0156834,1313.12,-1.08044,1300,1,1
1,0.0253412,1291.31,-0.988283,1300,1,1
1.5,0.0307324,1303.95,-1.03644,1300,1,1
2,0.0326494,1283.22,-1.11429,1300,1,1
2.5,0.0365518,1288.29,-1.06791,1300,1,1
3,0.0378871,1297.66,-0.828486,1300,1,1
3.5,0.039733,1308.18,-0.78521,1300,1,1
4,0.0450878,1288.11,-1.43727,1300,1,1
4.5,0.0462668,1315.39,-0.751349,1300,1,1
5,0.0522146,1295.45,-1.05143,1300,1,1
5.5,0.0530187,1279.76,-1.13642,1300,1,1
6,0.0566777,1287.29,-0.91201,1300,1,1
6.5,0.0600982,1314.57,-1.1265,1300,1,1
7,0.0660419,1306.79,-1.05599,1300,1,1
7.5,0.0642285,1307.12,-1.11295,1300,1,1
8,0.0667344,1318.73,-1.20778,1300,1,1
8.5,0.0767021,1277.41,-0.982838,1300,1,1
9,0.0749722,1278.13,-0.92117,1300,1,1
9.5,0.0778915,1301.06,-1.05511,1300,1,1
10,0.0777977,1299.91,-1.23045,1300,1,1
10.5,0.0770387,1305.99,-1.00875,1300,1,1
11,0.0791229,1289.63,-1.15834,1300,1,1
11.5,0.0861694,1308.72,-1.09577,1300,1,1
12,0.0948702,1296.7,-1.55973,1300,1,1
12.5,0.0921332,1305.11,-0.886652,1300,1,1
13,0.0972248,1304.09,-1.12956,1300,1,1
13.5,0.0988846,1287.74,-1.29073,1300,1,1
14,0.103737,1296.15,-0.792795,1300,1,1
14.5,0.106026,1291.25,-1.26917,1300,1,1
15,0.104222,1287.81,-0.85774,1300,1,1
15.5,0.108987,1309.7,-1.17768,1300,1,1
16,0.105454,1281.29,-1.17305,1300,1,1
16.5,0.111897,1305.56,-1.19112,1300,1,1
17,0.108925,1296.78,-1.18842,1300,1,1
17.5,0.113407,1311.23,-1.43702,1300,1,1
18,0.111476,1301.34,-0.846938,1300,1,1
18.5,0.116303,1291.61,-1.3138,1300,1,1
19,0.113131,1303.91,-1.02594,1300,1,1
19.5,0.115007,1305.34,-1.17302,1300,1,1
20,0.114475,1303.62,-1.33815,1300,1,1
20.5,0.120752,1294.68,-1.19314,1300,1,1
21,0.117418,1290.56,-1.36933,1300,1,1
21.5,0.117582,1302.12,-0.940767,1300,1,1
22,0.11816,1290.14,-1.03073,1300,1,1
22.5,0.119385,1302.19,-1.21649,1300,1,1
23,0.114803,1305.18,-1.16874,1300,1,1
23.5,0.121061,1291.1,-1.23667,1300,1,1
24,0.115355,1301.18,-0.93808,1300,1,1
24.5,0.1173,1302.02,-1.00802,1300,1,1
25,0.119556,1298.92,-1.20075,1300,1,1
25.5,0.119059,1297.39,-0.950422,1300,1,1
26,0.128582,1312.24,-1.37114,1300,1,1
26.5,0.13421,1290.31,-1.3983,1300,1,1
27,0.135926,1288.26,-0.787092,1300,1,1
27.5,0.137184,1283.94,-1.10922,1300,1,1
28,0.143881,1299.85,-1.2353,1300,1,1
28.5,0.150079,1299.15,-1.20275,1300,1,1
29,0.152294,1311.02,-1.46948,1300,1,1
29.5,0.152347,1288.63,-1.13885,1300,1,1
30,0.161045,1273.52,-0.856588,1300,1,1
30.5,0.166435,1301.23,-1.26793,1300,1,1
31,0.170259,1301.5,-1.4728,1300,1,1
31.5,0.173862,1305.13,-1.13485,1300,1,1
32,0.181185,1310.99,-1.37675,1300,1,1
32.5,0.181528,1317.59,-1.45245,1300,1,1
33,0.18567,1311.33,-1.27481,1300,1,1
33.5,0.183203,1293.62,-1.34135,1300,1,1
34,0.183557,1296.31,-1.05693,1300,1,1
34.5,0.185105,1315.3,-1.63562,1300,1,1
35,0.180139,1285.52,-1.32902,1300,1,1
35.5,0.183342,1316.52,-1.61863,1300,1,1
36,0.177229,1309.23,-1.18098,1300,1,1
36.5,0.182274,1296.51,-1.37853,1300,1,1
37,0.17936,1300.16,-1.31762,1300,1,1
37.5,0.181263,1329.75,-1.26901,1300,1,1
38,0.181905,1315.13,-1.48474,1300,1,1
38.5,0.179224,1298.93,-0.946987,1300,1,1
39,0.183933,1289.63,-1.59888,1300,1,1
39.5,0.178795,1303.48,-0.858618,1300,1,1
40,0.182839,1295.29,-1.25693,1300,1,1
0,0,1300,-1,1300,1,2
0.5,0.0178206,1293.34,-1.08513,1300,1,2
1,0.0285731,1301.02,-1.11021,1300,1,2
1.5,0.0326172,1305.07,-0.911217,1300,1,2
2,0.0385607,1291.85,-1.00394,1300,1,2
2.5,0.0411949,1308.78,-0.809797,1300,1,2
3,0.0455881,1291.27,-1.23462,1300,1,2
3.5,0.048544,1305.92,-0.819752,1300,1,2
4,0.0466649,1288.21,-1.01666,1300,1,2
4.5,0.0526675,1313.15,-1.2188,1300,1,2
5,0.054716,1315.21,-1.11762,1300,1,2
5.5,0.0557412,1290.18,-1.08701,1300,1,2
6,0.0577277,1302.58,-0.939199,1300,1,2
6.5,0.0609102,1307.93,-1.3526,1300,1,2
7,0.060773,1282.87,-1.00289,1300,1,2
7.5,0.0677903,1317.06,-1.08948,1300,1,2
8,0.0699533,1288.18,-1.25846,1300,1,2
8.5,0.0723803,1287.02,-0.799395,1300,1,2
9,0.0763829,1301.61,-1.11028,1300,1,2
9.5,0.0732136,1292.43,-1.00913,1300,1,2
10,0.0808499,1294.04,-1.22163,1300,1,2
10.5,0.0819258,1314.15,-1.121,1300,1,2
11,0.08241,1298.21,-1.37361,1300,1,2
11.5,0.0853849,1324.24,-1.03363,1300,1,2
12,0.0860269,1306.58,-1.32104,1300,1,2
12.5,0.0882169,1309.74,-1.02776,1300,1,2
13,0.0916132,1293.71,-0.969447,1300,1,2
13.5,0.0955523,1295.06,-1.55726,1300,1,2
14,0.0939888,1302.23,-0.987421,1300,1,2
14.5,0.0986455,1316.33,-1.17953,1300,1,2
15,0.1001,1306.35,-1.18734,1300,1,2
15.5,0.0985334,1312.04,-0.791055,1300,1,2
16,0.102264,1301.77,-1.28936,1300,1,2
16.5,0.106584,1297.03,-1.21488,1300,1,2
17,0.104387,1307.1,-1.12253,1300,1,2
17.5,0.109011,1290.54,-1.16788,1300,1,2
18,0.109228,1297.78,-1.02332,1300,1,2
18.5,0.110848,1304.47,-1.37708,1300,1,2
19,0.113998,1287.12,-1.11827,1300,1,2
19.5,0.117082,1297.3,-1.1245,1300,1,2
20,0.120488,1306.05,-1.61484,1300,1,2
20.5,0.118122,1308.83,-0.881524,1300,1,2
21,0.121313,1280.25,-1.23791,1300,1,2
21.5,0.126008,1313.78,-1.29764,1300,1,2
22,0.12259,1281.97,-0.824074,1300,1,2
22.5,0.128562,1296.31,-1.27862,1300,1,2
23,0.130053,1305.54,-1.19875,1300,1,2
23.5,0.132655,1280.96,-1.23739,1300,1,2
24,0.132981,1294.72,-1.2223,1300,1,2
24.5,0.130483,1320.83,-1.13457,1300,1,2
25,0.134659,1293.67,-1.14998,1300,1,2
25.5,0.131643,1294.79,-1.25211,1300,1,2
26,0.13172,1313.74,-1.1978,1300,1,2
26.5,0.135148,1313.02,-1.35246,1300,1,2
27,0.138827,1282.47,-1.41481,1300,1,2
27.5,0.14166,1308.75,-1.40027,1300,1,2
28,0.132927,1316.1,-1.04482,1300,1,2
28.5,0.135016,1293.8,-1.4682,1300,1,2
29,0.134214,1300.85,-0.914724,1300,1,2
29.5,0.138961,1299.57,-1.19099,1300,1,2
30,0.142677,1288.37,-1.63618,1300,1,2
30.5,0.138267,1319.21,-0.877287,1300,1,2
31,0.140272,1286.88,-1.60193,1300,1,2
31.5,0.137298,1308.36,-1.24861,1300,1,2
32,0.136893,1294,-1.07405,1300,1,2
32.5,0.140789,1311.92,-1.20998,1300,1,2
33,0.137277,1295.99,-0.874435,1300,1,2
33.5,0.144948,1296.29,-1.21354,1300,1,2
34,0.145909,1275.92,-0.952897,1300,1,2
34.5,0.144363,1303.31,-1.10272,1300,1,2
35,0.146961,1297.14,-1.4189,1300,1,2
35.5,0.150937,1312.15,-1.04276,1300,1,2
36,0.151829,1305.07,-1.13767,1300,1,2
36.5,0.155023,1295.19,-1.43553,1300,1,2
37,0.157406,1315.37,-1.03234,1300,1,2
37.5,0.163487,1273.85,-1.40107,1300,1,2
38,0.164781,1285.82,-1.25759,1300,1,2
38.5,0.165067,1303.76,-1.06811,1300,1,2
39,0.171871,1287.15,-1.58474,1300,1,2
39.5,0.175027,1294.71,-1.2556,1300,1,2
40,0.175412,1285.47,-1.06982,1300,1,2
0,0,1200,-0.6,1200,0.6,0
0.5,0.0157087,1205.7,-0.836774,1200,0.6,0
1,0.0131876,1205.91,-0.396498,1200,0.6,0
1.5,0.017824,1193.56,-0.706949,1200,0.6,0
2,0.011197,1192.5,-0.484093,1200,0.6,0
2.5,0.016899,1195.28,-0.426606,1200,0.6,0
3,0.0208304,1205.88,-0.770763,1200,0.6,0
3.5,0.0213758,1210.01,-0.713941,1200,0.6,0
4,0.0205323,1201.57,-0.784219,1200,0.6,0
4.5,0.0155755,1210.44,-0.46177,1200,0.6,0
5,0.0217404,1187.22,-0.851321,1200,0.6,0
5.5,0.0180093,1199.35,-0.341386,1200,0.6,0
6,0.0212226,1209.89,-0.639339,1200,0.6,0
6.5,0.0229523,1208.12,-0.48186,1200,0.6,0
7,0.0234435,1212.55,-0.764034,1200,0.6,0
7.5,0.0216669,1187.28,-0.535894,1200,0.6,0
8,0.0199215,1196.56,-0.491664,1200,0.6,0
8.5,0.021254,1198.32,-0.755431,1200,0.6,0
9,0.0203502,1210.06,-0.533351,1200,0.6,0
9.5,0.020268,1196.25,-0.743037,1200,0.6,0
10,0.0272877,1209.49,-0.659377,1200,0.6,0
10.5,0.0234501,1188.9,-0.483608,1200,0.6,0
11,0.0264755,1185.27,-0.36044,1200,0.6,0
11.5,0.0288375,1199.32,-0.88554,1200,0.6,0
12,0.0264018,1201.07,-0.527802,1200,0.6,0
12.5,0.0279981,1201.2,-0.915414,1200,0.6,0
13,0.0279328,1212.5,-0.779226,1200,0.6,0
13.5,0.0302489,1200.72,-0.33367,1200,0.6,0
14,0.030906,1197.3,-0.931414,1200,0.6,0
14.5,0.0280552,1188.88,-0.456011,1200,0.6,0
15,0.0345523,1202.26,-0.86039,1200,0.6,0
15.5,0.0320192,1208.13,-0.261905,1200,0.6,0
16,0.0367889,1215.95,-0.837434,1200,0.6,0
16.5,0.0342066,1204.6,-0.674757,1200,0.6,0
17,0.0309963,1198.33,-0.448016,1200,0.6,0
17.5,0.0352889,1185.83,-0.70858,1200,0.6,0
18,0.0357986,1223.67,-0.527062,1200,0.6,0
18.5,0.0334596,1192.81,-0.625465,1200,0.6,0
19,0.0344853,1196.92,-0.353168,1200,0.6,0
19.5,0.0315256,1202.48,-0.8945,1200,0.6,0
20,0.0307138,1196.65,-0.410439,1200,0.6,0
20.5,0.0313415,1193.41,-0.531464,1200,0.6,0
21,0.0326423,1215.9,-0.726946,1200,0.6,0
21.5,0.0287682,1195.09,-0.501092,1200,0.6,0
22,0.0314763,1177.43,-0.615914,1200,0.6,0
22.5,0.0303668,1207.16,-0.548884,1200,0.6,0
23,0.0345242,1203.15,-0.772421,1200,0.6,0
23.5,0.0319708,1197.4,-0.521016,1200,0.6,0
24,0.0354582,1199.91,-0.601404,1200,0.6,0
24.5,0.0355633,1213.46,-0.710825,1200,0.6,0
25,0.0315903,1194.26,-0.652205,1200,0.6,0
25.5,0.0341358,1182.51,-0.672509,1200,0.6,0
26,0.0371122,1211,-0.735057,1200,0.6,0
26.5,0.0325302,1203.84,-0.125004,1200,0.6,0
27,0.0443528,1193.89,-1.32449,1200,0.6,0
27.5,0.0353918,1199.76,-0.338311,1200,0.6,0
28,0.0382993,1184.62,-0.626622,1200,0.6,0
28.5,0.0369918,1197.52,-0.515835,1200,0.6,0
29,0.0346749,1216.16,-0.396573,1200,0.6,0
29.5,0.0379256,1195.07,-0.883101,1200,0.6,0
30,0.0373908,1222.72,-0.309722,1200,0.6,0
30.5,0.0363692,1201.77,-0.867945,1200,0.6,0
31,0.0352769,1203.69,-0.530784,1200,0.6,0
31.5,0.0373189,1201.51,-0.716845,1200,0.6,0
32,0.0382486,1185.81,-0.636776,1200,0.6,0
32.5,0.035389,1208.99,-0.705408,1200,0.6,0
33,0.0354822,1201.29,-0.7039,1200,0.6,0
33.5,0.0363781,1197.93,-0.820633,1200,0.6,0
34,0.0357425,1205.19,-0.490132,1200,0.6,0
34.5,0.0393824,1202.06,-1.01648,1200,0.6,0
35,0.0335959,1209.93,-0.561179,1200,0.6,0
35.5,0.0342437,1205.07,-0.556782,1200,0.6,0
36,0.0361797,1200.03,-0.855258,1200,0.6,0
36.5,0.0362088,1185.75,-0.615199,1200,0.6,0
37,0.0391405,1208.04,-0.645624,1200,0.6,0
37.5,0.0370573,1183.48,-0.648482,1200,0.6,0
38,0.0359813,1200.86,-0.597565,1200,0.6,0
38.5,0.0365076,1211.65,-0.374432,1200,0.6,0
39,0.0381305,1184.18,-0.795091,1200,0.6,0
39.5,0.037872,1209.03,-0.338808,1200,0.6,0
40,0.0367963,1202.11,-0.842018,1200,0.6,0
0,0,1200,-0.6,1200,0.6,1
0.5,0.0109177,1184.38,-0.776982,1200,0.6,1
1,0.0125096,1194.85,-0.424979,1200,0.6,1
1.5,0.0163408,1188.54,-0.653703,1200,0.6,1
2,0.0112699,1187.74,-0.65071,1200,0.6,1
2.5,0.0112882,1203.47,-0.492929,1200,0.6,1
3,0.0127687,1211.59,-0.608245,1200,0.6,1
3.5,0.0111348,1202.73,-0.475502,1200,0.6,1
4,0.0184479,1185.01,-0.775355,1200,0.6,1
4.5,0.0179193,1196.12,-0.575208,1200,0.6,1
5,0.0179241,1190.81,-0.463672,1200,0.6,1
5.5,0.0167183,1207.14,-0.519121,1200,0.6,1
6,0.0218491,1210.76,-0.715616,1200,0.6,1
6.5,0.019571,1171.04,-0.479463,1200,0.6,1
7,0.0215475,1206.09,-0.659636,1200,0.6,1
7.5,0.0261947,1201.14,-0.672713,1200,0.6,1
8,0.0247965,1206.47,-0.463752,1200,0.6,1
8.5,0.0276927,1193.32,-0.983452,1200,0.6,1
9,0.0279919,1209.02,-0.565132,1200,0.6,1
9.5,0.0307554,1201.29,-0.571872,1200,0.6,1
10,0.0297347,1189.18,-0.635755,1200,0.6,1
10.5,0.0344152,1214.71,-0.753745,1200,0.6,1
11,0.0293916,1219.35,-0.522079,1200,0.6,1
11.5,0.0345918,1193.01,-0.741441,1200,0.6,1
12,0.0351004,1208.75,-0.737437,1200,0.6,1
12.5,0.0333173,1209.27,-0.457087,1200,0.6,1
13,0.0333157,1199.92,-0.810378,1200,0.6,1
13.5,0.032854,1193.89,-0.575173,1200,0.6,1
14,0.0402155,1196.24,-0.873377,1200,0.6,1
14.5,0.0364789,1208.63,-0.419465,1200,0.6,1
15,0.0425008,1206.66,-0.86262,1200,0.6,1
15.5,0.0415947,1203.97,-0.700541,1200,0.6,1
16,0.0397969,1195.33,-0.284942,1200,0.6,1
16.5,0.043259,1193.49,-0.907393,1200,0.6,1
17,0.0390665,1178.61,-0.439339,1200,0.6,1
17.5,0.042913,1192.56,-0.812839,1200,0.6,1
18,0.0428649,1216.43,-0.627106,1200,0.6,1
18.5,0.0443603,1196.5,-0.707446,1200,0.6,1
19,0.0407586,1206.81,-0.751824,1200,0.6,1
19.5,0.0436393,1190.4,-0.426065,1200,0.6,1
20,0.0448377,1208.89,-0.996204,1200,0.6,1
20.5,0.0465611,1175.34,-0.649968,1200,0.6,1
21,0.0459087,1218.47,-0.615672,1200,0.6,1
21.5,0.0489317,1211.49,-0.815736,1200,0.6,1
22,0.0480991,1207.2,-0.661373,1200,0.6,1
22.5,0.0464162,1191.56,-0.540837,1200,0.6,1
23,0.0476225,1188.42,-0.63206,1200,0.6,1
23.5,0.0475056,1194.03,-0.465724,1200,0.6,1
24,0.0470404,1213.7,-0.855411,1200,0.6,1
24.5,0.048444,1214.3,-0.70517,1200,0.6,1
25,0.0487031,1202.9,-0.772797,1200,0.6,1
25.5,0.0489479,1206.88,-0.607363,1200,0.6,1
26,0.0474133,1181.7,-0.453931,1200,0.6,1
26.5,0.0479805,1207.01,-0.839178,1200,0.6,1
27,0.0454579,1201.49,-0.704666,1200,0.6,1
27.5,0.0488028,1197.21,-0.54024,1200,0.6,1
28,0.0527441,1195.76,-1.12684,1200,0.6,1
28.5,0.0501428,1221.91,-0.2825,1200,0.6,1
29,0.053261,1181.26,-1.11347,1200,0.6,1
29.5,0.0494733,1204.84,-0.252017,1200,0.6,1
30,0.0539168,1184.48,-0.875491,1200,0.6,1
30.5,0.056499,1201.94,-0.543299,1200,0.6,1
31,0.0530071,1201.61,-0.584542,1200,0.6,1
31.5,0.0560247,1187.83,-0.64911,1200,0.6,1
32,0.0559566,1216.69,-0.73314,1200,0.6,1
32.5,0.0603159,1204.97,-0.932278,1200,0.6,1
33,0.0591929,1195.83,-0.531926,1200,0.6,1
33.5,0.0649575,1171.33,-0.932077,1200,0.6,1
34,0.062189,1209.35,-0.281172,1200,0.6,1
34.5,0.0664477,1199.6,-0.860623,1200,0.6,1
35,0.0689039,1207.21,-0.553715,1200,0.6,1
35.5,0.0677622,1196.27,-0.743332,1200,0.6,1
36,0.0715977,1228.59,-0.667914,1200,0.6,1
36.5,0.0721996,1176.82,-0.795025,1200,0.6,1
37,0.0791838,1223.09,-0.328129,1200,0.6,1
37.5,0.0868301,1194.05,-0.828297,1200,0.6,1
38,0.0895934,1201.16,-0.609542,1200,0.6,1
38.5,0.0864943,1204.58,-0.588182,1200,0.6,1
39,0.0876766,1196.76,-0.403042,1200,0.6,1
39.5,0.0880945,1187.45,-0.805456,1200,0.6,1
40,0.0860238,1187.06,-0.305074,1200,0.6,1
0,0,1200,-0.6,1200,0.6,2
0.5,0.0118592,1185.94,-0.643228,1200,0.6,2
1,0.0157707,1197.6,-0.740538,1200,0.6,2
1.5,0.0182148,1203.04,-0.481289,1200,0.6,2
2,0.0249272,1195.88,-0.844356,1200,0.6,2
2.5,0.0244637,1197.45,-0.613543,1200,0.6,2
3,0.0256056,1214.6,-0.737368,1200,0.6,2
3.5,0.0260666,1197.81,-0.408616,1200,0.6,2
4,0.0316719,1198.22,-0.866812,1200,0.6,2
4.5,0.0298237,1216.9,-0.360169,1200,0.6,2
5,0.0324014,1177.97,-0.869579,1200,0.6,2
5.5,0.0283678,1219.34,-0.536604,1200,0.6,2
6,0.0298533,1190.12,-0.585604,1200,0.6,2
6.5,0.0315086,1193.58,-0.483194,1200,0.6,2
7,0.0333496,1212.27,-0.520342,1200,0.6,2
7.5,0.0327941,1198.99,-0.71872,1200,0.6,2
8,0.0305368,1208.53,-0.220641,1200,0.6,2
8.5,0.0370378,1188.43,-1.04683,1200,0.6,2
9,0.0338268,1210.8,-0.458733,1200,0.6,2
9.5,0.0331843,1194.3,-0.863482,1200,0.6,2
10,0.0304406,1210.58,-0.526688,1200,0.6,2
10.5,0.0329167,1201.24,-1.10563,1200,0.6,2
11,0.0290376,1201.94,-0.361386,1200,0.6,2
11.5,0.0387633,1224.16,-1.21958,1200,0.6,2
12,0.0313715,1213.1,-0.252228,1200,0.6,2
12.5,0.0335955,1194.04,-0.716943,1200,0.6,2
13,0.0330773,1191.97,-0.641069,1200,0.6,2
13.5,0.0313812,1197.05,-0.789054,1200,0.6,2
14,0.0327506,1207.42,-0.600476,1200,0.6,2
14.5,0.0362865,1211.61,-0.736401,1200,0.6,2
15,0.0379123,1212.3,-0.755947,1200,0.6,2
15.5,0.0383209,1201.43,-0.641742,1200,0.6,2
16,0.0346213,1195.23,-0.777067,1200,0.6,2
16.5,0.0341621,1200.66,-0.779255,1200,0.6,2
17,0.0312673,1180.01,-0.26564,1200,0.6,2
17.5,0.0369438,1209.81,-0.779257,1200,0.6,2
18,0.0336723,1193.92,-0.354806,1200,0.6,2
18.5,0.0369929,1182.81,-0.580564,1200,0.6,2
19,0.0401307,1200.29,-0.893127,1200,0.6,2
19.5,0.0383861,1189.23,-0.392281,1200,0.6,2
20,0.0381255,1198.95,-0.456442,1200,0.6,2
20.5,0.0372529,1199.17,-0.590919,1200,0.6,2
21,0.0392912,1219.33,-0.553924,1200,0.6,2
21.5,0.0398755,1196.38,-0.924429,1200,0.6,2
22,0.041164,1213.98,-0.526259,1200,0.6,2
22.5,0.042186,1188.2,-0.629857,1200,0.6,2
23,0.0418997,1192.72,-0.622105,1200,0.6,2
23.5,0.0426161,1195.54,-0.608063,1200,0.6,2
24,0.0438487,1193.33,-0.696489,1200,0.6,2
24.5,0.0422569,1201.08,-0.661471,1200,0.6,2
25,0.0430501,1193.45,-0.54932,1200,0.6,2
25.5,0.0425918,1186.98,-0.721386,1200,0.6,2
26,0.0466188,1222.3,-0.301942,1200,0.6,2
26.5,0.0498291,1206.58,-0.72299,1200,0.6,2
27,0.0506826,1197.44,-0.616987,1200,0.6,2
27.5,0.0453871,1214.28,-0.106211,1200,0.6,2
28,0.0508363,1193.67,-0.976084,1200,0.6,2
28.5,0.0513753,1206.73,-0.590211,1200,0.6,2
29,0.0501197,1206.47,-0.636592,1200,0.6,2
29.5,0.0528924,1195.54,-0.75068,1200,0.6,2
30,0.0536101,1201.08,-0.690622,1200,0.6,2
30.5,0.0527831,1187.56,-0.642417,1200,0.6,2
31,0.0508267,1210.99,-0.587382,1200,0.6,2
31.5,0.0509993,1203.6,-0.819143,1200,0.6,2
32,0.0508746,1202.06,-0.635135,1200,0.6,2
32.5,0.0518075,1186.42,-0.791766,1200,0.6,2
33,0.053506,1197.76,-0.736412,1200,0.6,2
33.5,0.0533738,1210.49,-0.487086,1200,0.6,2
34,0.0527159,1205.01,-1.06021,1200,0.6,2
34.5,0.0509765,1218.78,-0.279416,1200,0.6,2
35,0.0520611,1181.43,-0.864798,1200,0.6,2
35.5,0.0503188,1201.91,-0.490856,1200,0.6,2
36,0.0538228,1199.33,-0.787073,1200,0.6,2
36.5,0.0528984,1187.64,-0.778572,1200,0.6,2
37,0.051915,1205.67,-0.65722,1200,0.6,2
37.5,0.0548214,1213.46,-0.936524,1200,0.6,2
38,0.0532408,1217.95,-0.46961,1200,0.6,2
38.5,0.0509453,1199.54,-0.813392,1200,0.6,2
39,0.0556928,1225.88,-0.748599,1200,0.6,2
39.5,0.0549324,1204.22,-0.73656,1200,0.6,2
40,0.0517477,1182.71,-0.599414,1200,0.6,2
0,0,1400,-0.6,1400,0.6,0
0.5,0.0136388,1420.16,-0.778321,1400,0.6,0
1,0.0162134,1395.17,-0.407719,1400,0.6,0
1.5,0.0209433,1397.94,-0.462094,1400,0.6,0
2,0.0262237,1378.4,-0.908674,1400,0.6,0
2.5,0.0240557,1414.65,-0.421816,1400,0.6,0
3,0.0266765,1397,-0.654515,1400,0.6,0
3.5,0.0249706,1406.21,-0.84198,1400,0.6,0
4,0.0299497,1414.21,-0.630604,1400,0.6,0
4.5,0.034266,1393.74,-0.686369,1400,0.6,0
5,0.0321032,1401.92,-0.277382,1400,0.6,0
5.5,0.0395307,1404.7,-0.722691,1400,0.6,0
6,0.0349855,1395.53,-0.523462,1400,0.6,0
6.5,0.0362493,1410.89,-0.435026,1400,0.6,0
7,0.0333632,1378.19,-0.609272,1400,0.6,0
7.5,0.0368354,1380.82,-0.813723,1400,0.6,0
8,0.0393263,1400.75,-0.400292,1400,0.6,0
8.5,0.0385202,1403.32,-0.669339,1400,0.6,0
9,0.0345633,1382.19,-0.483718,1400,0.6,0
9.5,0.0412841,1385.14,-0.487019,1400,0.6,0
10,0.0399278,1401.85,-0.626449,1400,0.6,0
10.5,0.0436565,1407.7,-0.923571,1400,0.6,0
11,0.0403672,1393.94,-0.493277,1400,0.6,0
11.5,0.0410459,1401.25,-0.97644,1400,0.6,0
12,0.0401754,1374.57,-0.712225,1400,0.6,0
12.5,0.0421846,1407.89,-0.28616,1400,0.6,0
13,0.0377548,1422.47,-0.510987,1400,0.6,0
13.5,0.0423514,1383.65,-0.808517,1400,0.6,0
14,0.0412052,1397.15,-0.517643,1400,0.6,0
14.5,0.0388761,1404.4,-0.557064,1400,0.6,0
15,0.0389412,1412.36,-0.965434,1400,0.6,0
15.5,0.0377977,1408.51,-0.351334,1400,0.6,0
16,0.0427105,1402.53,-0.61707,1400,0.6,0
16.5,0.0479006,1377.79,-0.744396,1400,0.6,0
17,0.0427386,1430.57,-0.417496,1400,0.6,0
17.5,0.0446132,1386.15,-0.870431,1400,0.6,0
18,0.0456181,1389.66,-0.552648,1400,0.6,0
18.5,0.0437809,1416.18,-0.928155,1400,0.6,0
19,0.04655,1417.24,-0.861884,1400,0.6,0
19.5,0.0479637,1383.4,-0.351099,1400,0.6,0
20,0.0428201,1401.95,-0.194001,1400,0.6,0
20.5,0.0461242,1395.87,-1.06594,1400,0.6,0
21,0.0397545,1393.1,-0.391435,1400,0.6,0
21.5,0.0456145,1412.67,-0.581185,1400,0.6,0
22,0.0446671,1417.67,-0.676307,1400,0.6,0
22.5,0.0490734,1393.54,-0.381402,1400,0.6,0
23,0.0526656,1384.82,-0.593364,1400,0.6,0
23.5,0.049708,1418.08,-0.484198,1400,0.6,0
24,0.0526449,1401.5,-0.830139,1400,0.6,0
24.5,0.0504538,1390.38,-0.498183,1400,0.6,0
25,0.046596,1406.12,-0.425756,1400,0.6,0
25.5,0.0531049,1402.92,-0.761575,1400,0.6,0
26,0.0462903,1383.21,-0.220548,1400,0.6,0
26.5,0.0483957,1399.08,-0.646444,1400,0.6,0
27,0.0486717,1402.89,-0.774305,1400,0.6,0
27.5,0.0511335,1375.85,-0.502165,1400,0.6,0
28,0.0462283,1393.27,-0.365883,1400,0.6,0
28.5,0.0476069,1388.24,-0.597473,1400,0.6,0
29,0.0463775,1391.68,-0.483495,1400,0.6,0
29.5,0.0468016,1392.72,-0.376902,1400,0.6,0
30,0.0521839,1381,-0.85417,1400,0.6,0
30.5,0.0505016,1410.29,-0.745692,1400,0.6,0
31,0.0513321,1397.76,-0.509878,1400,0.6,0
31.5,0.0593376,1401.25,-0.557691,1400,0.6,0
32,0.0637794,1396.38,-0.803796,1400,0.6,0
32.5,0.0615322,1403.07,-0.696661,1400,0.6,0
33,0.0648213,1407.02,-0.91828,1400,0.6,0
33.5,0.0620463,1407.03,-0.22395,1400,0.6,0
34,0.0654492,1417.67,-0.838646,1400,0.6,0
34.5,0.065413,1392.24,-0.714789,1400,0.6,0
35,0.0678699,1410.26,-0.441821,1400,0.6,0
35.5,0.0730833,1383.84,-0.670206,1400,0.6,0
36,0.0703184,1390.75,-0.627926,1400,0.6,0
36.5,0.078295,1407.85,-0.642252,1400,0.6,0
37,0.0777346,1402.51,-0.762999,1400,0.6,0
37.5,0.0790277,1410.25,-0.545685,1400,0.6,0
38,0.0820165,1386.61,-0.65034,1400,0.6,0
38.5,0.0816655,1396.87,-0.631284,1400,0.6,0
39,0.0762536,1387.3,-0.525752,1400,0.6,0
39.5,0.0811021,1388.09,-0.790061,1400,0.6,0
40,0.080375,1384.82,-0.213193,1400,0.6,0
0,0,1400,-0.6,1400,0.6,1
0.5,0.0103197,1379.32,-0.623364,1400,0.6,1
1,0.0125069,1393.86,-0.408785,1400,0.6,1
1.5,0.0177366,1420.04,-0.490775,1400,0.6,1
2,0.0215186,1402.83,-1.01354,1400,0.6,1
2.5,0.0193966,1430.56,-0.551998,1400,0.6,1
3,0.0247791,1410.88,-0.960856,1400,0.6,1
3.5,0.0237772,1391.99,-0.868083,1400,0.6,1
4,0.019064,1374.23,-0.0673309,1400,0.6,1
4.5,0.0320508,1412.9,-0.773161,1400,0.6,1
5,0.0339276,1388.39,-0.677931,1400,0.6,1
5.5,0.0351284,1412.78,-0.752467,1400,0.6,1
6,0.0348379,1395.74,-0.5049,1400,0.6,1
6.5,0.0344683,1413.3,-0.611397,1400,0.6,1
7,0.0344471,1386.01,-0.707008,1400,0.6,1
7.5,0.0393551,1394.41,-0.368787,1400,0.6,1
8,0.0436098,1401.49,-0.657508,1400,0.6,1
8.5,0.0436906,1398.11,-0.792644,1400,0.6,1
9,0.0385128,1377.38,-0.218374,1400,0.6,1
9.5,0.0384306,1386.16,-0.455724,1400,0.6,1
10,0.0375129,1396.59,-0.504547,1400,0.6,1
10.5,0.040946,1406.98,-0.470463,1400,0.6,1
11,0.0451317,1386.51,-1.05166,1400,0.6,1
11.5,0.0393628,1397.83,-0.729268,1400,0.6,1
12,0.0402638,1421.46,-0.112271,1400,0.6,1
12.5,0.0426577,1384.31,-0.630885,1400,0.6,1
13,0.0440805,1385.63,-0.685047,1400,0.6,1
13.5,0.038774,1396.52,-0.444923,1400,0.6,1
14,0.0384015,1398.25,-0.704133,1400,0.6,1
14.5,0.0418892,1398.78,-0.740668,1400,0.6,1
15,0.0398256,1400.18,-0.43517,1400,0.6,1
15.5,0.0409616,1393.03,-0.739178,1400,0.6,1
16,0.0434237,1404.54,-0.514863,1400,0.6,1
16.5,0.0434865,1395.13,-0.525964,1400,0.6,1
17,0.0458466,1393.12,-0.686216,1400,0.6,1
17.5,0.0490176,1400.49,-0.319196,1400,0.6,1
18,0.0493287,1404.92,-0.796955,1400,0.6,1
18.5,0.050444,1396.93,-1.0193,1400,0.6,1
19,0.0452135,1380.39,-0.248564,1400,0.6,1
19.5,0.051464,1406.12,-0.612122,1400,0.6,1
20,0.0506442,1400.68,-0.608257,1400,0.6,1
20.5,0.0516061,1397.76,-0.4591,1400,0.6,1
21,0.0609462,1395.56,-0.81136,1400,0.6,1
21.5,0.051413,1401.35,-0.280586,1400,0.6,1
22,0.0540224,1410.01,-0.677554,1400,0.6,1
22.5,0.0530075,1382.95,-0.550745,1400,0.6,1
23,0.0477161,1387.32,-0.456505,1400,0.6,1
23.5,0.053707,1393.72,-0.825072,1400,0.6,1
24,0.0487423,1416.43,-0.543739,1400,0.6,1
24.5,0.0518459,1396.24,-0.615754,1400,0.6,1
25,0.0524875,1371.08,-0.451784,1400,0.6,1
25.5,0.0569224,1407.9,-0.784909,1400,0.6,1
26,0.0527005,1409.58,-0.639134,1400,0.6,1
26.5,0.0496366,1400.73,-0.484658,1400,0.6,1
27,0.0539107,1389.01,-0.56298,1400,0.6,1
27.5,0.0563432,1384.42,-0.599538,1400,0.6,1
28,0.0588394,1405.89,-0.86691,1400,0.6,1
28.5,0.059,1392.22,-0.360179,1400,0.6,1
29,0.0628926,1389.34,-0.479815,1400,0.6,1
29.5,0.0673664,1398.77,-0.793624,1400,0.6,1
30,0.0651532,1392.37,-0.392281,1400,0.6,1
30.5,0.0663051,1398.46,-0.647031,1400,0.6,1
31,0.0649001,1423.23,-1.01306,1400,0.6,1
31.5,0.0642488,1400.72,-0.468681,1400,0.6,1
32,0.0676702,1415.31,-0.736176,1400,0.6,1
32.5,0.0682302,1418.01,-0.79828,1400,0.6,1
33,0.0711718,1392.61,-0.945193,1400,0.6,1
33.5,0.0709509,1387.13,-0.647967,1400,0.6,1
34,0.06653,1383.85,-0.503773,1400,0.6,1
34.5,0.0687444,1431.28,-0.381291,1400,0.6,1
35,0.0704476,1400.23,-0.80566,1400,0.6,1
35.5,0.0679356,1413.25,-0.64032,1400,0.6,1
36,0.0694154,1405.23,-0.320841,1400,0.6,1
36.5,0.0726993,1389.72,-0.723975,1400,0.6,1
37,0.0714849,1411.04,-0.478055,1400,0.6,1
37.5,0.0708569,1405.25,-0.63152,1400,0.6,1
38,0.0738185,1402.94,-0.996816,1400,0.6,1
38.5,0.0712568,1423.1,-0.34983,1400,0.6,1
39,0.0741324,1401.57,-1.00944,1400,0.6,1
39.5,0.0707273,1391.36,-0.828462,1400,0.6,1
40,0.0699306,1388.75,-0.290947,1400,0.6,1
0,0,1400,-0.6,1400,0.6,2
0.5,0.0116276,1399.27,-0.601173,1400,0.6,2
1,0.0143065,1385.52,-0.582327,1400,0.6,2
1.5,0.0213467,1428.88,-0.427078,1400,0.6,2
2,0.0244553,1380.02,-0.700171,1400,0.6,2
2.5,0.0248304,1400.5,-0.565683,1400,0.6,2
3,0.0260583,1409.91,-0.277445,1400,0.6,2
3.5,0.0298084,1390.43,-0.694411,1400,0.6,2
4,0.0331036,1414.75,-0.74838,1400,0.6,2
4.5,0.0355112,1400.4,-0.721456,1400,0.6,2
5,0.0377098,1381.14,-0.760512,1400,0.6,2
5.5,0.0430253,1384.55,-0.811678,1400,0.6,2
6,0.0416784,1412.42,-0.41604,1400,0.6,2
6.5,0.0496135,1420.55,-0.74104,1400,0.6,2
7,0.051336,1382.75,-0.623074,1400,0.6,2
7.5,0.0476295,1402.52,-0.221875,1400,0.6,2
8,0.0551496,1391.78,-0.753767,1400,0.6,2
8.5,0.0524107,1387.42,-0.567311,1400,0.6,2
9,0.0512976,1421.06,-0.70185,1400,0.6,2
9.5,0.0529566,1396.7,-0.847485,1400,0.6,2
10,0.0515641,1407.21,-0.414446,1400,0.6,2
10.5,0.0581618,1402.15,-0.938106,1400,0.6,2
11,0.0600225,1406.16,-0.862453,1400,0.6,2
11.5,0.056239,1410.21,-0.41494,1400,0.6,2
12,0.0601036,1388.04,-0.66003,1400,0.6,2
12.5,0.0606186,1393.37,-0.726188,1400,0.6,2
13,0.0609483,1393.14,-0.727948,1400,0.6,2
13.5,0.0614664,1413.56,-0.339381,1400,0.6,2
14,0.0675686,1410.48,-0.691132,1400,0.6,2
14.5,0.0753715,1388.22,-0.830714,1400,0.6,2
15,0.0795901,1393.66,-0.838338,1400,0.6,2
15.5,0.0729852,1426.25,-0.442889,1400,0.6,2
16,0.0785324,1371.55,-0.876708,1400,0.6,2
16.5,0.0823462,1410.39,-0.749746,1400,0.6,2
17,0.0883209,1389.37,-0.382933,1400,0.6,2
17.5,0.0930824,1395.68,-0.787773,1400,0.6,2
18,0.0873088,1408.3,-0.490211,1400,0.6,2
18.5,0.0906762,1399.67,-0.641507,1400,0.6,2
19,0.0941838,1395.62,-0.856757,1400,0.6,2
19.5,0.0910631,1422.46,-0.562839,1400,0.6,2
20,0.0905509,1390.08,-0.658619,1400,0.6,2
20.5,0.0930958,1386.96,-0.929711,1400,0.6,2
21,0.0909941,1409.93,-0.690554,1400,0.6,2
21.5,0.0911812,1392.41,-0.561507,1400,0.6,2
22,0.0973156,1398.37,-1.18006,1400,0.6,2
22.5,0.0934899,1393.32,-0.704884,1400,0.6,2
23,0.0962453,1409.69,-0.486066,1400,0.6,2
23.5,0.0960304,1390.7,-0.790254,1400,0.6,2
24,0.0991108,1407.39,-0.84336,1400,0.6,2
24.5,0.0969207,1415.42,-0.420349,1400,0.6,2
25,0.0972814,1390.37,-0.693841,1400,0.6,2
25.5,0.0997137,1379.89,-0.540866,1400,0.6,2
26,0.0982886,1400.19,-0.320727,1400,0.6,2
26.5,0.0975708,1388.94,-0.727277,1400,0.6,2
27,0.100463,1385.39,-0.673669,1400,0.6,2
27.5,0.103972,1408.27,-0.724613,1400,0.6,2
28,0.105361,1420.14,-0.779027,1400,0.6,2
28.5,0.102107,1394.25,-0.838141,1400,0.6,2
29,0.106784,1420.36,-0.601821,1400,0.6,2
29.5,0.106258,1400.19,-0.53203,1400,0.6,2
30,0.109946,1411.65,-0.913346,1400,0.6,2
30.5,0.113855,1403.56,-0.641244,1400,0.6,2
31,0.116203,1415.27,-0.87011,1400,0.6,2
31.5,0.117353,1387.82,-0.551565,1400,0.6,2
32,0.122368,1406.87,-1.07538,1400,0.6,2
32.5,0.1223,1424.96,-0.800259,1400,0.6,2
33,0.12578,1409.01,-0.644167,1400,0.6,2
33.5,0.124313,1406.51,-0.881256,1400,0.6,2
34,0.124891,1409.36,-0.674311,1400,0.6,2
34.5,0.123203,1373.24,-0.477213,1400,0.6,2
35,0.126935,1379.96,-0.974816,1400,0.6,2
35.5,0.128655,1398.07,-0.484122,1400,0.6,2
36,0.128271,1391.88,-0.50718,1400,0.6,2
36.5,0.129544,1387.26,-1.25292,1400,0.6,2
37,0.125161,1427.69,-0.180261,1400,0.6,2
37.5,0.127549,1400.03,-0.769599,1400,0.6,2
38,0.125055,1385.98,-0.822171,1400,0.6,2
38.5,0.128322,1389.51,-0.544638,1400,0.6,2
39,0.126407,1403.13,-0.688132,1400,0.6,2
39.5,0.122848,1394.04,-0.687527,1400,0.6,2
40,0.13099,1411.4,-1.0253,1400,0.6,2
