t,solid_fraction,surface_length,n_grains,mean_grain_area
1,0.43979,2027.9,16,1801.4
1.2,0.4399,2018.2,16,1801.8
1.5,0.43999,2002.2,16,1802.2
1.8,0.43993,1987.2,16,1801.9
2.2,0.44003,1969.2,16,1802.4
2.6,0.44014,1953.5,16,1802.8
3.2,0.4402,1932.9,16,1803.1
3.9,0.44032,1912.5,16,1803.6
4.8,0.4406,1890.5,16,1804.7
5.8,0.44054,1870.2,16,1804.4
7,0.4407,1850,16,1805.1
8.5,0.44095,1829.3,16,1806.1
10.4,0.44102,1808.4,16,1806.4
12.6,0.44118,1789.4,16,1807.1
15.3,0.44145,1770.9,16,1808.2
18.6,0.44156,1753,16,1808.6
22.6,0.44148,1735.7,16,1808.3
27.4,0.44151,1727.5,16,1808.4
33.4,0.44156,1718,16,1808.6
40.6,0.44157,1707.2,16,1808.7
49.2,0.44193,1695,16,1810.1
59.8,0.442,1680.7,16,1810.4
72.8,0.442,1664.8,16,1810.4
88.4,0.44191,1647.3,16,1810.1
107.4,0.44174,1628,16,1809.4
130.6,0.44188,1606.4,16,1809.9
158.6,0.44209,1582.3,16,1810.8
193,0.44218,1555.5,16,1811.2
234.4,0.44226,1526.2,16,1811.5
284.8,0.44209,1495.3,16,1810.8
346.2,0.44221,1464.9,16,1811.3
420.6,0.44229,1437.6,16,1811.6
511.2,0.44234,1412.8,16,1811.8
621.2,0.44225,1389.6,16,1811.4
754.8,0.44202,1367.1,16,1810.5
917.2,0.44179,1344.9,16,1809.6
1114.6,0.44188,1322.8,16,1809.9
1354.4,0.44182,1300.5,16,1809.7
1645.8,0.44139,1278.1,16,1807.9
2000,0.44116,1253.7,16,1807
