case,t,x_over_R,surface_length,free_energy
surface,0.5,0.32559,516.76,2028.2
surface,0.6,0.32659,519.99,2031.4
surface,0.65,0.32713,520.93,2032.2
surface,0.8,0.32881,522,2031.9
surface,0.9,0.32994,521.85,2030.2
surface,1.05,0.3316,520.99,2026.6
surface,1.2,0.33316,519.82,2022.6
surface,1.4,0.33509,518.16,2017.4
surface,1.65,0.3373,516.18,2011.6
surface,1.9,0.33939,514.41,2006.7
surface,2.2,0.34189,512.53,2001.8
surface,2.55,0.34493,510.63,1996.8
surface,2.95,0.34864,508.74,1992
surface,3.4,0.35276,506.85,1987.3
surface,3.95,0.35656,504.79,1982.2
surface,4.55,0.35974,502.75,1977.4
surface,5.3,0.36323,500.47,1972.2
surface,6.15,0.36727,498.21,1967.3
surface,7.1,0.37219,495.98,1962.4
surface,8.25,0.37796,493.55,1957.1
surface,9.55,0.38229,491.05,1951.8
surface,11.05,0.38611,488.47,1946.5
surface,12.8,0.39058,485.89,1941.5
surface,14.85,0.39627,483.23,1936.5
surface,17.2,0.40265,480.47,1931.2
surface,19.95,0.4077,477.6,1926
surface,23.1,0.41248,474.82,1921.3
surface,26.8,0.41812,472.1,1916.9
surface,31.05,0.42499,469.39,1912.5
surface,36,0.43145,466.67,1908.1
surface,41.7,0.43708,464.09,1904.1
surface,48.3,0.44288,461.67,1900.5
surface,56,0.4503,459.24,1896.8
surface,64.8,0.45421,458.12,1894.9
surface,75.2,0.45849,456.84,1892.7
surface,87.2,0.46294,455.5,1890.5
surface,101,0.46814,454.09,1888.2
surface,117,0.47483,452.55,1885.5
surface,135.6,0.48146,450.93,1882.6
surface,157.2,0.48747,449.34,1879.9
surface,182.2,0.49389,447.68,1877.2
surface,211,0.5022,445.92,1874.1
surface,244.6,0.50976,444.14,1870.9
surface,283.4,0.5161,442.35,1867.9
surface,328.6,0.52421,440.46,1864.7
surface,380.8,0.53341,438.57,1861.3
surface,441.2,0.53974,436.73,1858.2
surface,511.4,0.54752,434.88,1855.1
surface,592.6,0.55798,433.02,1851.6
surface,686.6,0.5644,431.29,1848.3
surface,795.8,0.57294,429.73,1843.8
surface,922.2,0.58396,428.24,1839.3
surface,1068.8,0.59044,426.48,1835.6
surface,1238.6,0.60195,424.56,1831.9
surface,1435.2,0.61117,422.81,1828.3
surface,1663.4,0.61842,421.54,1824.6
surface,1927.6,0.63238,420.57,1818.3
surface,2233.8,0.64002,418.57,1814
surface,2588.8,0.65417,416.52,1810
surface,3000,0.66283,414.91,1806.2
boundary,0.5,0.32943,455.06,2121.3
boundary,0.6,0.33032,456.44,2096.5
boundary,0.65,0.33076,457.17,2085.5
boundary,0.8,0.332,459.55,2056.9
boundary,0.9,0.33278,461.16,2041.1
boundary,1.05,0.33388,463.61,2021.3
boundary,1.2,0.3349,466,2005.7
boundary,1.4,0.33615,469.06,1989.8
boundary,1.65,0.33755,472.64,1975.9
boundary,1.9,0.3388,475.81,1966.8
boundary,2.2,0.34015,478.98,1960.1
boundary,2.55,0.34158,481.91,1955.7
boundary,2.95,0.34312,484.37,1953.1
boundary,3.4,0.34483,486.26,1951.5
boundary,3.95,0.34696,487.59,1950.4
boundary,4.55,0.3494,488.17,1949.2
boundary,5.3,0.35229,488.09,1947.5
boundary,6.15,0.35496,487.38,1945.4
boundary,7.1,0.35732,486.24,1943
boundary,8.25,0.35959,484.69,1940.2
boundary,9.55,0.36173,482.97,1937.5
boundary,11.05,0.36394,481.14,1934.8
boundary,12.8,0.36642,479.24,1932.1
boundary,14.85,0.36932,477.34,1929.5
boundary,17.2,0.37269,475.47,1926.9
boundary,19.95,0.37646,473.59,1924.4
boundary,23.1,0.37967,471.75,1921.9
boundary,26.8,0.38254,469.91,1919.6
boundary,31.05,0.38523,468.12,1917.3
boundary,36,0.388,466.36,1915.1
boundary,41.7,0.39097,464.66,1912.9
boundary,48.3,0.39438,462.97,1910.8
boundary,56,0.39856,461.28,1908.6
boundary,64.8,0.40066,460.38,1907.4
boundary,75.2,0.40336,459.4,1906
boundary,87.2,0.40614,458.38,1904.5
boundary,101,0.40887,457.3,1903
boundary,117,0.41173,456.16,1901.3
boundary,135.6,0.41499,454.97,1899.6
boundary,157.2,0.41901,453.72,1897.8
boundary,182.2,0.42424,452.41,1895.8
boundary,211,0.42973,451.05,1893.7
boundary,244.6,0.43439,449.67,1891.6
boundary,283.4,0.43889,448.31,1889.4
boundary,328.6,0.44396,446.93,1887.3
boundary,380.8,0.4506,445.53,1885
boundary,441.2,0.45711,444.09,1882.6
boundary,511.4,0.4625,442.67,1880.2
boundary,592.6,0.46778,441.26,1878
boundary,686.6,0.47512,439.83,1875.5
boundary,795.8,0.4828,438.37,1872.9
boundary,922.2,0.4884,437,1870.2
boundary,1068.8,0.49425,435.74,1867.7
boundary,1238.6,0.50357,434.55,1864.8
boundary,1435.2,0.51085,433.42,1861.7
boundary,1663.4,0.51643,432.36,1858.8
boundary,1927.6,0.52556,431.24,1855.2
boundary,2233.8,0.53465,430.08,1851.6
boundary,2588.8,0.54047,429.01,1848.3
boundary,3000,0.55017,427.86,1845
