t,T_set,T_pyro,T_centre,T_sample_max,T_sample_min,I,V,P,frac_current_sample
0,573,545.33,548.28,549.99,547.31,1245,2.8301,3523.5,0.34981
10,589.67,584.93,589.99,590.24,587.72,527.09,1.1928,628.73,0.3486
20,606.33,595.07,600.74,601.8,598.41,968.85,2.202,2133.4,0.34826
30,623,616.92,623.1,623.86,620.49,905.26,2.0507,1856.4,0.34747
40,639.67,634.76,641.49,642.39,638.68,973.28,2.1914,2132.9,0.34683
50,656.33,653.3,660.25,661.09,657.37,976.73,2.1875,2136.6,0.34614
60,673,670.92,678.35,679.22,675.3,1002.8,2.2324,2238.6,0.3455
70,689.67,688.38,696.22,697.09,693.02,1019.4,2.2567,2300.5,0.34485
80,706.33,705.54,713.9,714.78,710.51,1040.1,2.2897,2381.5,0.34422
90,723,722.57,731.45,732.35,727.87,1059.2,2.3191,2456.5,0.34359
100,739.67,739.47,748.94,749.86,745.15,1079.2,2.3503,2536.5,0.34296
110,756.33,756.31,766.39,767.34,762.39,1098.9,2.3807,2616.1,0.34234
120,773,773.09,783.84,784.81,779.6,1118.7,2.4115,2697.8,0.34172
130,789.67,789.83,801.3,802.29,796.8,1138.5,2.442,2780.3,0.3411
140,806.33,806.55,818.77,819.79,814.01,1158.4,2.4726,2864.3,0.34048
150,823,823.26,836.28,837.33,831.24,1178.2,2.5032,2949.3,0.33986
160,839.67,839.95,853.82,854.9,848.49,1198.1,2.5339,3035.8,0.33924
170,856.33,856.64,871.41,872.53,865.76,1218,2.5646,3123.6,0.33863
180,873,873.31,889.05,890.2,883.07,1237.9,2.5954,3212.9,0.33801
190,889.67,889.99,906.75,907.93,900.41,1257.9,2.6264,3303.7,0.3374
200,906.33,906.66,924.5,925.72,917.79,1277.9,2.6576,3396.2,0.33678
210,923,923.32,942.31,943.58,935.22,1298,2.6891,3490.4,0.33617
220,939.67,939.99,960.19,961.5,952.68,1318.1,2.7208,3586.4,0.33556
230,956.33,956.66,978.14,979.49,970.2,1338.3,2.7529,3684.3,0.33495
240,973,973.32,996.16,997.56,987.76,1358.6,2.7854,3784.3,0.33435
250,989.67,989.98,1014.3,1015.7,1005.4,1379,2.8183,3886.4,0.33374
260,1006.3,1006.6,1032.4,1033.9,1023,1399.4,2.8517,3990.8,0.33314
270,1023,1023.3,1050.7,1052.3,1040.8,1420,2.8856,4097.5,0.33253
280,1039.7,1040,1069.1,1070.7,1058.6,1440.6,2.92,4206.6,0.33193
290,1056.3,1056.6,1087.5,1089.2,1076.4,1461.3,2.9551,4318.3,0.33133
300,1073,1073.3,1106,1107.8,1094.3,1482.1,2.9908,4432.7,0.33073
310,1089.7,1090,1124.7,1126.5,1112.3,1503,3.0272,4549.9,0.33013
320,1106.3,1106.6,1143.4,1145.3,1130.4,1523.9,3.0644,4669.9,0.32953
330,1123,1123.3,1162.3,1164.3,1148.5,1544.9,3.1024,4793,0.32894
340,1139.7,1139.9,1181.3,1183.3,1166.7,1566,3.1413,4919.3,0.32834
350,1156.3,1156.6,1200.4,1202.5,1185,1587.1,3.1811,5048.8,0.32774
360,1173,1173.3,1219.6,1221.8,1203.4,1608.3,3.2218,5181.6,0.32715
370,1189.7,1189.9,1238.9,1241.2,1221.8,1629.5,3.2636,5318.1,0.32655
380,1206.3,1206.6,1258.4,1260.8,1240.4,1650.7,3.3065,5458.2,0.32595
390,1223,1223.3,1278,1280.5,1259,1671.9,3.3506,5602.1,0.32535
400,1239.7,1239.9,1297.8,1300.4,1277.8,1693.2,3.396,5749.9,0.32474
410,1256.3,1256.6,1317.7,1320.4,1296.6,1714.3,3.4427,5901.9,0.32414
420,1273,1273.3,1337.8,1340.6,1315.6,1735.5,3.4908,6058.2,0.32353
430,1273,1277.5,1331.8,1332.3,1314.2,1404.4,2.8241,3966.2,0.32381
440,1273,1270.2,1324.6,1326.4,1307,1717.5,3.4512,5927.3,0.32405
450,1273,1275.4,1334.8,1336.5,1314.9,1537.5,3.0908,4751.9,0.32366
460,1273,1272.9,1326.2,1327.3,1309.1,1574,3.1645,4981.1,0.324
470,1273,1272.5,1330.1,1332,1311,1639.2,3.2948,5400.9,0.32383
480,1273,1274.2,1330.3,1331.6,1311.9,1542.4,3.1006,4782.4,0.32384
490,1273,1272.2,1327.6,1329.2,1309.6,1620.9,3.2578,5280.4,0.32393
500,1273,1273.4,1330.6,1332.2,1311.7,1584.7,3.1853,5047.9,0.32382
510,1273,1273.1,1328.6,1330,1310.4,1582.1,3.1801,5031.2,0.3239
520,1273,1272.8,1329.2,1330.8,1310.7,1606.7,3.2293,5188.3,0.32387
530,1273,1273.3,1329.6,1331.1,1311.1,1579.1,3.174,5012,0.32386
540,1273,1272.8,1328.7,1330.3,1310.4,1597.6,3.2112,5130.3,0.32389
550,1273,1273.1,1329.5,1331.1,1311,1591.7,3.1993,5092.4,0.32386
560,1273,1273,1329.1,1330.6,1310.7,1587.9,3.1917,5068.1,0.32388
570,1273,1272.9,1329.1,1330.7,1310.7,1596,3.2078,5119.5,0.32387
580,1273,1273.1,1329.3,1330.9,1310.9,1588.6,3.1931,5072.6,0.32387
590,1273,1273,1329.1,1330.6,1310.7,1592.7,3.2012,5098.4,0.32388
600,1273,1273,1329.3,1330.8,1310.8,1592.1,3.2002,5095.1,0.32387
610,1273,1273,1329.2,1330.7,1310.8,1590.4,3.1966,5083.9,0.32387
620,1273,1273,1329.2,1330.7,1310.7,1592.8,3.2014,5099.2,0.32387
630,1273,1273,1329.2,1330.8,1310.8,1591,3.1978,5087.5,0.32387
640,1273,1273,1329.2,1330.7,1310.7,1591.7,3.1993,5092.5,0.32387
650,1273,1273,1329.2,1330.7,1310.8,1591.9,3.1996,5093.4,0.32387
660,1273,1273,1329.2,1330.7,1310.8,1591.3,3.1984,5089.4,0.32387
670,1273,1273,1329.2,1330.7,1310.8,1591.9,3.1997,5093.6,0.32387
680,1273,1273,1329.2,1330.7,1310.8,1591.5,3.1988,5090.9,0.32387
690,1273,1273,1329.2,1330.7,1310.8,1591.6,3.1991,5091.7,0.32387
700,1273,1273,1329.2,1330.7,1310.8,1591.7,3.1993,5092.4,0.32387
710,1273,1273,1329.2,1330.7,1310.8,1591.5,3.1989,5091.1,0.32387
720,1273,1273,1329.2,1330.7,1310.8,1591.7,3.1992,5092.2,0.32387
