Cr,Co,Mo,W,Re,Al,Ti,Ta,Nb,Hf,C,B,single_crystal,solution_T_C,aging_T_C,T_C,stress_MPa,invT,log_sigma,log_sigma2,sig_invT,gp_index,refractory,Al_Ti,dT_solution,pred_log10_life,pred_std,UCB,true_log10_life
2.231,14.13,3.513,9.229,5.717,4.814,3.699,9.765,0.39,0.894,0.1081,0.01481,1,1334,957.5,1000,200,0.7855,5.298,28.07,4.162,9.222,28.22,1.267,376.5,6.622,0.2539,6.749,5.605
2.533,14.13,4.289,7.189,5.604,4.878,2.906,8.719,0.8488,0.9921,0.1671,0.01596,1,1277,1036,1000,200,0.7855,5.298,28.07,4.162,8.765,25.8,1.623,241.3,6.575,0.2463,6.698,5.245
5.906,9.939,1.897,9.012,5.563,5.438,2.916,8.032,1.839,0.7892,0.1285,0.01872,1,1306,1080,1000,200,0.7855,5.298,28.07,4.162,9.456,24.5,1.803,225.7,6.47,0.253,6.597,5.167
9.345,9.731,3.716,6.921,5.898,4.849,3.652,7.719,1.185,0.6873,0.1602,0.01425,1,1335,978.6,1000,200,0.7855,5.298,28.07,4.162,8.96,24.25,1.292,356.5,6.46,0.2358,6.577,5.321
3.156,2.301,4.759,7.222,5.897,6.091,4.05,3.4,0.4158,1.192,0.1318,0.0196,1,1246,895.9,1000,200,0.7855,5.298,28.07,4.162,9.091,21.28,1.468,349.9,6.411,0.2596,6.54,5.153
5.329,8.651,4.663,9.988,5.907,5.593,3.255,7.557,0.9635,0.7647,0.1287,0.009222,1,1218,1068,1000,200,0.7855,5.298,28.07,4.162,9.399,28.12,1.667,149.9,6.401,0.2647,6.533,5.443
7.326,12.28,4.926,8.238,5.295,6.35,0.7742,7.351,1.802,0.5214,0.1205,0.01385,1,1293,1046,1000,200,0.7855,5.298,28.07,4.162,9.115,25.81,7.263,246.7,6.373,0.227,6.486,5.41
8.47,8.759,3.744,9.929,4.839,6.065,2.403,1.721,1.866,1.214,0.1441,0.01486,1,1333,1038,1000,200,0.7855,5.298,28.07,4.162,8.257,20.23,2.424,294.8,6.364,0.2238,6.476,5.115
6.332,11.57,4.318,8.385,5.119,5.638,3.64,3.855,1.602,1.394,0.09124,0.01568,1,1322,1037,1000,200,0.7855,5.298,28.07,4.162,8.902,21.68,1.508,284.5,6.343,0.2324,6.459,5.348
8.542,1.314,2.222,8.499,5.684,5.078,3.753,8.966,0.771,1.173,0.1461,0.01708,1,1257,1083,1000,200,0.7855,5.298,28.07,4.162,9.428,25.37,1.318,174.4,6.321,0.2718,6.457,4.863
